sponge_1,sponge_2
5-Mar,ATG5
5-Mar,SMAD2
4930556M19Rik,TIMP3
A1BG-AS1,FLOT1
A2M-AS1,MUC19
AATBC,CASK
AAV9,AZIN1
AAV9,JNK1
ABCB10,CXCR4
ABHD11-AS1,EZH2
ABHD13,PTEN
AC007271.3,Slug
AC010789.1,ZEB1
AC016405.3,ERBB3
AC023115.3,GSK3B
AC023115.3,GSK3B-MCL1
AC026166.2-001,p27
AC068039.4,TRPC6
AC092127.1,AEBP2
AC104041.1,Wnt2B
AC245100.4,RBBP5
ACTA2-AS1,BCL2L11
ACTA2-AS1,CXCL2
ACTA2-AS1,SMAD3
ACTA2-AS1,SOX7
ADAMTS9-AS1,AS2
ADAMTS9-AS1,ZFP36
ADAMTS9-AS2,FOXF2
ADAMTS9-AS2,FOXO1
ADAMTS9-AS2,NR3C1
ADAMTS9-AS2,TGFBR3
AdDecoy133,CDC42
AdDecoy133,NELF-A
AdDecoy133,RHOA
AdDecoy133,WHSC2
ADIPOQ,TP53
ADNCR,SIRT1
ADNCR,TCF3
ADPGK-AS1,ZEB1
AEG-1,SNAIL
AEG-1,VIM
AEG-1,VIMENTIN
AF113014,EGR2
AF119895,NXF3
AF147447,MUC2
AFAP1-AS1,2-Sep
AFAP1-AS1,AFAP1
AFAP1-AS1,CELF1
AFAP1-AS1,E2F3
AFAP1-AS1,EGFR
AFAP1-AS1,FKBP1A
AFAP1-AS1,HDGF
AFAP1-AS1,HOXA1
AFAP1-AS1,IGF1R
AFAP1-AS1,PDK4
AFAP1-AS1,Smad2
AFAP1-AS1,Sp1
AFAP1-AS1,STAT3
AFAP1-AS1,TGFb
AFAP1-AS1,TGF-b1
AFAP1-AS1,VEGF-C
AFAP-AS1,ETS1
AFF1,PTEN
AFF4,FNDC5
AFF4,Irisin
AGAP2-AS1,CPT1
AGAP2-AS1,FOXP2
AGAP2-AS1,KLF12
AGAP2-AS1,NOTCH2
AGAP2-AS1,PTN
AGER1,AGER
AK015322,ETV5
AK020546,ErbB3
AK048794,FAM91A1
AK081523,PLXNA4
AK087124,PTEN
AK088388,PLXNA4
AK148321,HSPA5
AKR7L,DRD5
AKR7L,GDF5
AKT3,RHOC
AKT3,STAT3
AL139002.1,HAV
ALOX12-AS1,AGO2
ANCR,NMT1
ANG-2,VEGF
ANRIL,ANRIL
ANRIL,BRI3
ANRIL,CCNG1
ANRIL,CDK6
ANRIL,FGF2
ANRIL,HIF-1
ANRIL,HMGA2
ANRIL,IGF-1R
ANRIL,JAK2
ANRIL,PBX3
ANRIL,PRC2
ANRIL,Ran
ANRIL,SIRT1
ANRIL,STAT3
antagomir-10b,HOXD10
antagomir-10b,RHOC
anti-miR 145,TIRAP
anti-miR 145,TRAF6
anti-miR 146a,TIRAP
anti-miR 146a,TRAF6
anti-miR-145,TIRAP
anti-miR-145,TRAF6
anti-miR-146a,TIRAP
anti-miR-146a,TRAF6
anti-miR-183,betaTrCP1
anti-miR-183,b-TrCP1
anti-miR-204,RUNX2
anti-miR-211,RUNX2
anti-miR-BART2-5p-sponge,MICB
anti-miR-K12-7-sponge,MICB
AP000695.4,ZEB1
APCDD1L-AS1,SIRT5
APF,ATG7
ARAP1-AS1,PLAGL2
ARFRP1,TLR4
ARID1A,Tlr4
ARL3,METTL3
ARL3,YTHDC1
ARRDC1-AS1,PRMT5
ASAP1-IT1,YAP
ASLNC02525,TWIST1
ASMTL-AS1,SOX17
ASNR,FGFR2
ATB,IL1
ATB,IL-1
ATB,KINDLIN2
ATB,Kindlin-2
ATB,KRAS
ATB,STAT3
ATB,TGDB2
ATB,TGD-beta2
ATB,TGFB
ATB,TGFB1
ATB,TGF-beta2
ATB,ZEB1
ATB,ZEB2
ATB,ZNF217
ATB,ZNF-217
BACE1-AS,ATG5
BACE1-AS,BACE1
BACE1-AS,CELF1
BANCR,NCF2
BANCR,NFKB1
BANCR,NOTCH2
BBOX1-AS1,CDKN2A
BC032469,hTERT
BC037916,JAK2
BC037916,STAT3
BC040587,DRD5
BC040587,GDF5
BC048612,NEGR1
BCAR4,ELAVL1
BCRT1,FGF7
BCYRN1,CUEDC2
BCYRN1,KRAS
BCYRN1,MMP2
BCYRN1,VEGF
BDNF-AS,PRDM5
bFaar,Creb1
bFaar,Ins2
bFaar,NeuroD1
BLACAT1,ABCB1
BLACAT1,CDH2 
BLACAT1,CREB1
BLACAT1,DVL3
BLACAT1,KIF2A
BLACAT1,N-cadherin
BLACAT1,VIM
BLACAT1,Vimentin
BLACAT2,METTL3
Bmp1,Phf6
BRAFP1,BRAF
BRE-AS1,PTEN
BVES-AS1,BVES
BX357664,PTEN
C1QTNF1-AS1,HK2
C2DAT1,SIRT1
C2dat2,DDIT4
C3orf35,HMGB1
C9orf139,Sox12
CA3-AS1,BTG3
CA9,JAGGED1
CA9,NOTCH3
CALML3-AS1,Smad4
CAMTA1,VEGF
CAR10,GJB2
CARL,PHB2
CASC11,RAB11FIP2
CASC15,HMGB2
CASC15,RAB14
CASC15,WNT7A
CASC18,TGFB2
CASC19,DDX6
CASC19,E2F7
CASC2,CAV1
CASC2,CPEB1
CASC2,FBXW7
CASC2,FBXW7 
CASC2,FIH1
CASC2,IGF1
CASC2,KANK1
CASC2,p53
CASC2,PAPD5
CASC2,PDK4
CASC2,PIAS3
CASC2,PLXNC
CASC2,PPARr
CASC2,PTEN
CASC2,RASSF6
CASC2,RUNX1
CASC2,SOCS5
CASC2,SOX7
CASC2,SPRY2
CASC2,TAB2
CASC2,TGFB
CASC2,TRAIL
CASC21,HGH1
CASC2c,CPEB1
CASC7,IL-11
CASC7,ING3
CASC7,TP73
CASC9,AKT3
CASC9,EGFR
CASC9,TGF-b2
CASC9,TXNIP
CAT104,ZEB1
CBFB,p66Shc
CBR3-AS1,JNK1
CBR3-AS1,MEK4
CCAC1,C22orf46
CCAL,ANGPTL4
CCAT1,ATG5
CCAT1,ATG7
CCAT1,BMI1
CCAT1,CASP3
CCAT1,caspase3
CCAT1,CCNE1
CCAT1,CDC2
CCAT1,CDK1
CCAT1,c-Myc
CCAT1,CPEB2
CCAT1,Cyclin-D1
CCAT1,FGFR3
CCAT1,FOXP3
CCAT1,HMGA1
CCAT1,HMGA2
CCAT1,HNRNPA1
CCAT1,HOXA1
CCAT1,HOXB13
CCAT1,ITPKB
CCAT1,MTF2
CCAT1,Myc
CCAT1,PDGFRA
CCAT1,PIK3IP1
CCAT1,RAP2B
CCAT1,SPRY4
CCAT1,TCF21
CCAT1,ZFX
CCAT2,BCL2
CCAT2,BCL-2
CCAT2,FOXM1
CCAT2,IGF2BP2
CCAT2,TCF7L2
CCAT2,TK1
CCDC144NL-AS1,HMGA2
CCDC144NL-AS1,WDR5
CCDC183-AS1,SKP1
CCDC18-AS1,MSI2
CCDC18-AS1,TTF2
CCDC26,EZH2
CCDC26,GLRX5
CCDC26,PRR11
CCDC26,SIRT6
CCDC6,PTEN
CCMAlnc,HES6
CCR49,c-Myc
CCR492,c-Myc
CCR7,SNHG12
CCS,E2F7
cCSC1,CD44
CD34,VCAN
CDC42,CD44
CDH5,STARD13
CDK4PS,CDK4
CDKN2B,Smad3
CDKN2B,TGFBR2
CDKN2B-AS1,AKT3
CDKN2B-AS1,CCND1
CDKN2B-AS1,CCND2
CDKN2B-AS1,CDKN2B
CDKN2B-AS1,GDNF
CDKN2B-AS1,NR2C2
CDKN2B-AS1,PTPN7
CDKN2B-AS1,STAT3
CDKN2B-AS1,STK39
CDKN2B-AS1,TRAF5
CDKN2B-AS1,URGCP
CDKN2B-AS1,WNT2B
CDR1as,CDR1
CDR1as,EGFR
CDR1as,FAK1
CDR1as,GNG7
CDR1as,IGF1R
CDR1as,LSH
CDR1as,mTOR
CDR1as,MYRIP
CDR1as,p70S6K
CDR1as,PAK1
CDR1as,PARP
CDR1as,PAX6
CDR1as,PIK3CD
CDR1as,RAF1
CDR1as,SNCA
CDR1as,SP1
CDR1as,SRSF1
CDR1NAT,CDR1
CDR1-NAT,CDR1
CEBPA-AS1,BOK
CEP128,SOX11
CERS6-AS1,BAP1
CERS6-AS1,FGFR1
CERS6-AS1,HMGA1
CERS6-AS1,YWHAG
CES4,DUSP2
CHRF,ATG7
CHRF,L1CAM
CHRF,MYD88
CHRF,SMAD3
Circ_ 0115744,EZH2
Circ_0000003,GLS
circ_0000020,BMP2
Circ_0000043,CTNND1
Circ_0000337,MAT2A
Circ_0000429,MADD
Circ_0000629,CDC73
Circ_0000714,CDK6
Circ_0000714,RB
Circ_0001445,SNX5
Circ_0001982,MUC19
circ_0002062,CDK6
Circ_0002232,PTEN
Circ_0002874,MDM2
Circ_0002874,P53
Circ_0002951,HAS2
Circ_0003012,Smoc2
Circ_0003266,PDCD4
Circ_0003865,GAS1
Circ_0004913,HAMP
circ_0005015,MMP2
Circ_0005015,MMP-2
circ_0005015,STAT3
circ_0005015,XIAP
Circ_0005198,TRIM14
Circ_0005774,ULK1
Circ_0005795,caspase3
circ_0005909,CADM1
Circ_0005909,HMGA1
circ_0005909,SOX4
Circ_0007841,MEX3C
circ_0008039,E2F3
Circ_0008542,RANK
Circ_0009172,NTRK3
circ_000984,CDK6
circ_0009910,IL6R
Circ_0010235,TIPRL
Circ_001209,COL12A1
circ_0014130,YAP1
Circ_0014717,BTG2
Circ_001504,NUCB2
circ_001569,BAG4
circ_001569,E2F5
circ_001569,FMNL2
Circ_0015885,SESN3
circ_0016347,caspase1
Circ_0020095,SOX9
Circ_0020394,NRBP1
Circ_0025033,LSM4
Circ_002631,Creb1
Circ_002631,Kpan6
circ_0028173,CADM1
Circ_0030018,RAB21
circ_0030586,NR4A3
circ_0032462,CADM1
Circ_0032822,EF3
Circ_0038383,HOXA9
Circ_0044516,MAT2A
Circ_0049447,PTPRD
circ_0051488,SATB2
Circ_0055625,MSI1
circ_0057452,TGF-b2
Circ_0057558,USP33
Circ_0067835,HMGA1
Circ_0068,LPS
Circ_0072083,NANGO
Circ_0072088,JAK2
Circ_0072088,STAT3
Circ_0075829,LAMTOR3
Circ_0077210,ACADL
Circ_0077210,CPEB3
Circ_0077755,Cx43
circ_0080229,MDM2
Circ_0081572,RORA
Circ_0084927,ERC1
circ_008913,DAB2IP
circ_008913,ZEB1
Circ_0089153,EGFR
Circ_0089153,p53
circ_0089823,SOX4
circ_0099999,FSCN1
circ_010567,TGFB1
Circ_0107702,CDKL3
Circ_0114428,CRBN
Circ_0119872,G3BP1
Circ_0123190,APLNR
Circ_0124644,SOX4
Circ_0134111,SOCS1
circ_036186,YWHAZ
Circ_03955,HIF1A
circ_100290,FZD4
Circ_100984,YBX-1
Circ_102049,CD80
circ_104670,MMP2
Circ_104670,MMP-2
Circ_888,LPS
Circ_AFF2,TAB2
Circ_C16orf62,TUBB2A
circ_CDK14,GAB1
circ_DOCK1,BIRC3
Circ_DOCK1,USP11
circ_FBLIM1,FBLIM1
circ_GFRA1,GFRA1
Circ_LRIG3,RNF38
circ_MYLK,VEGFA
circ_MYLK,VEGFR2
Circ_NOTCH3,KLF12
Circ_NRIP1,SEMA4D
circ_PDE8A,MACC1
circ_RPPH1,E2F2
circ_SEC24A,DNMT3A
circ_VMA21,KLF4
circ_WHSC1,AKT3
Circ_XP01,XPO1
Circ-0000212,FOXP4
circ-0005105,COL11A1
Circ0005875,ZEB2
circ-0016347,caspase1
circ-0016347,caspase-1
Circ-0079593,EGFR
Circ0083429,SMAD3
circ100284,EZH2
Circ-140,MMP1
Circ-140,STC1
Circ-AASDH,E2F7
CircADD2,AKT2
CircAGAP1,E2F3
CircAgtpbp1,GH
CircAKT3,CX43
CircAMOTL1,SIK2
CircARFGEF1,GLRX3
CircArhgap12,ADCY1
circARL15,DISC1
CircASH2L,VEGFA
Circ-ASPH,AR
CircASXL1,GRIK3
CircASXL1,HIF-1a
CircBFAR,HK2
CircCA12,HRAS
CircCA12,KRAS
CircCA12,NRAS
circCCDC66,FOXM1
CircCCND1,FGF9
circCD151,GLI2
CircCDR1as,E2F3
CircCDYL,TNRC6A
circ-CHI3L1.2,LPAATb
circCLSPN,USP39
Circ-CNST,LDHA
CircCOL5A1,Epac1
CircCSNK1G3,HOXA10
CircCTNNA1,CXCL5
CircCUX1,PHF20
Circ-DENND4C,TCF4
circDHTKD1,GAB1
circDOCK1,BIRC3
circDPP4,cyclin D1
circ-DROSHA,ATP1A2
CircDtx1,TRIF
Circ-E2F3,ROC
circ-EFCAB2,CLCN6
circEGFR,DDX5
CircEPSTI1,HMGB3
CircEPSTI1,SLC7A11
CircEPSTI1,TRIM24
CircEYA3,c-Myc
circFAT1,ITGA6
CircFAT1,REEP3
CircFAT1,USP22
CircFBXW7,BARX2
circ-Foxo3,FOXO3
circGFRA1,GFRA1
circGLI3,VEGFA
CircGLIS3,PTBP1
CircGNG4,c-myc
CircGNG4,EYA3
circGPC3,APSM
Circ-HACE1,TLR4
CircHBEGF,EGFR
CircHECTD1,SLC2A1
circHIPK,FZD4
circHIPK,WNT2
CircHIPK3,AKT3
CircHIPK3,CDK6
CircHIPK3,FOXK2
CircHIPK3,MRP4
CircHIPK3,PIK3R1
CircHIPK3,RAB23
circ-ITCH,p21
circ-ITCH,PTEN
circ-ITCH,RASA1
Circ-KEL,LRG1
Circ-KIAA0907,UNC13C
CircKRT1,PDL1
CircLDB2,LIMCH1
Circ-LDLRAD3,NRP2
CircLMO7,WNT2
CircMAP3K5,TET2
CircMCTP2,MTMR3
CircMETTL3,CDK1
CircMMP11,ZEB2
CircMTO1,EGFR
circMTO1,p21
CircMTO1,RASA1
CircMTO1,Smad2
CircMTO1,Smad4
CircMYH9,HDGF
CircNEIL3,ADAR1
CircNEIL3,KLF12
circNEURL4,LATS1
CircNFATC3,RAI14
CircNR3C2,HRD1
CircPARP4,FUT4
circ-PDCD11,LDHA
Circ-PGAP3,p53
CircPKNOX1,KIAA0355
Circ-PRKCH,ADAM10
Circ-PRKCI,E2F3
Circ-PRMT5,TCF7L2
CircPSMA1,Akt1-b
CircPTK2,E-cadherin
circPTK2,JAZF1
circPUS7,KRAS
circPVT1,DLL4
circPVT1,E2F2
CircPVT1,GLUT1
CircPVT1,HK2
CircPVT1,HuR
CircPVT1,LDHA
CircPVT1,PKM2
CircPVT1,Smad7
CircPVT1,TBX15
CircRAB11FIP1,ATG14
CircRAB11FIP1,ATG7
Circ-RANBP9,LAMA2
circRAR1,caspase8
circRAR1,p38
CircRasGEF1B,MITA
Circ-RBMS1,FBXO11
circRHOBTB3,NACC1
CircRILPL1,AKT
CircRILPL1,IGF1R
CircRILPL1,PI3K
CircRIP2,FOXM1
circRNA_0001236,Sox9
circRNA_0001859,Ctnnb1
circRNA_000479,BCL11A
CircRNA_0005529,Sp1
CircRNA_0007534,GREM1
circRNA_0007874,p21
CircRNA_001306,CDK16
circRNA_002581,CPEB1
circRNA_002581,PLP2
circRNA_002581,SLC1A5
CircRNA_0026344,Smad7
CircRNA_0068481,EYA3
circRNA_007585,UCP2
circRNA_0082835,EZH2
CircRNA_010383,TRPC1
circRNA_010567,TGFB1
circRNA_010567,TGF-beta1
circRNA_016194,Atg4b
CircRNA_072697,KRAS
circRNA_100290,CDK6
CircRNA_103801,Akt
CircRNA_103801,HIF-1
CircRNA_103801,PI3K
CircRNA_103801,Rap1
CircRNA_103809,GOT1
circRNA_104135,p21
CircRNA_104348,RTKN2
CircRNA_141539,CDK3
CircRNA_2646,PLP2
CircRNA_30032,HBEGF
CircRNA_30032,KRAS
CircRNA_ACAP2,STAT3
CircRNA-0006896,DNMT1
CircRNA051239,PRSS3
CircRNA-17828,DUSP6
circRNA8924,CBX8
circRNA-CER,MMP13
circRNA-chr19,CLDN18
Circ-RNF13,TGIF2
CircRPPH1,YAP1
CircRUNX1,DDHD2
circ-SFMBT2,CHD7
circSLC6A6,PI4KB
CircSLC7A2,TIMP3
circSLIT2,c-Myc
circSLIT2,LDHA
CircSMYD4,AFP
CircSND1,FUT6
CircSNHG5,CITED2
circSP3,CDK4
CircSPAG16,PIP5K1a
CircST6GALNAC6,EMT
CircST6GALNAC6,STMN1
circTCF25,CDK6
CircTGFBR2,TGFBR2
CircTHBS1,CCND2
Circ-TOP2A,SUSD2
CircTP63,ZBTB18
circ-TTBK2,HNF1B
circ-TTBK2,HNF1beta
CircUBAP2,FOXO1
CircUBAP2,IFIT1
CircUBAP2,IFIT3
circUBE2K,ARHGAP5
Circ-UBR1,CCND1
CircVAPA,STAT3
circVMA21,XIAP
circVRK1,ZNF652
CircWAC,WWP1
Circ-Zfp644,Limk1
circZFR,C8orf4
circZFR,MAPK1
cir-ITCH,ITCH
cirRNA_0074027,p53
ciRS-7,AKT
ciRS-7,MMPs
ciRS-7,mTOR
ciRS-7,p70S6K
ciRS-7,PI3K
ciRS-7,PIK3CD
ciRS-7,PTEN
ciRS-7,UBE2A
CM3AP-AS1,ROCK1
c-Myc,PML
c-Myc,RARA
CNALPTC1,BCL9
CNALPTC1,SNAI1
CNALPTC1,VIM
CNOT6L,PTEN
COL1A1,CD44
COL1A2-AS1,SMAD7
COX10-AS1,E2F6
COX10-AS1,PAICS
COX-2,COX-2
COX-2,PLA2G4A
CR594175,CTNNB1
CRNDE,ATG4B
CRNDE,b-catenin
CRNDE,BCL2
CRNDE,BCL-2
CRNDE,CDKN2D
CRNDE,c-Myc
CRNDE,CTNNB1
CRNDE,E2F1
CRNDE,E2F3
CRNDE,E2F3 
CRNDE,FGF2
CRNDE,IRS1
CRNDE,MCM5
CRNDE,NDRG2
CRNDE,NF-KB
CRNDE,PAK7
CRNDE,P-AKT
CRNDE,PIWIL4
CRNDE,TCF4
CRNDE,TCF7L2
CRNDE,TCF7L2 
CRNDE,Wnt
CRNDE,Wnt/b-catenin 
CRNDE,WNT2
CRNDE,XIAP
CRNDE,YAP1
CRNDE,ZEB1
CTA,DOX
CTB-180A7.6,RUNX2
CTB-89H12.4,PTEN
CTBP,LAMP2
CTBP1-AS2,CEP55
CTBP1-AS2,FOXO1
CTBP1-AS2,MMP11
CTBP1-AS2,Wnt7a
CTBP1-AS2,ZNF217
CTBP2,PTEN
CTDP1,DNMT3B
CTDP1,ITGB1
CTDP1,VEGFA
CTNNAP1,CTNNA1
CTNNAP1,CTNNA1 
CTNNAP1,CTNNAP1
CTU1,KNG1
CUL2,ROCK2
CYP4Z2P,CYP4Z1
CYP4Z2P ,CYP4Z1
CYTOR,FOXD1
CYTOR,KIAA1522
CYTOR,RAB10
D63785,MEF2D
DANCR,ATG7
DANCR,AXL
DANCR,B4GALT3
DANCR,BCL2
DANCR,BCL-2
DANCR,CTNNB1
DANCR,ErbB2
DANCR,HMGA2
DANCR,HSP27
DANCR,KLF9
DANCR,LASP1
DANCR,MAPK
DANCR,MMP9
DANCR,MMP-9
DANCR,mTOR
DANCR,NRAS
DANCR,PLK1
DANCR,RAB1A
DANCR,ROCK1
DANCR,SOX2
DANCR,TGF-b
DANCR,VAPB
DANCR,ZEB1
DARS-AS1,HMGB1
DARS-AS1,JAG1
DARS-AS1,RBX1
DARS-AS1,TP53
DBH-AS1,IGF-1R
DCLK1,PTEN
DCST1-AS1,PLAP-1
DDAH1-V3,DDAH1
DDX11-AS1,MACC1
DDX11-AS1,RBX1
DDX11-AS1,RWDD4
DDX11-AS1,TRAF5
decoy vector mir-15,CCND1
decoy vector mir-16,WNT3A
DGCR5,AKT
DGCR5,BCL2
DGCR5,BCL-2
DGCR5,CD44
DGCR5,ERK1
DGCR5,ERK2
DGCR5,MEK
DGCR5,Snail
DGCR5,TOP2A
DHRS4-AS1,TET1
DHRS4-AS1,TP53
DKK1,PTEN
DLEU1,ACLY
DLEU1,CDK6
DLEU1,CXCR4
DLEU1,PRPS1
DLEU1,SP1
DLEU1,SRPK1
DLEU1,TFAP2A
DLEU1,TTF2
DLEU2,BCL2
DLEU2,BCL-2
DLEU2,CCND1
DLEU2,CCND2
DLEU2,CCND3
DLEU2,CCNE1
DLEU2,CDK4
DLEU2,CDK6
DLEU2,CHK1
DLEU2,Cyclin-D1
DLEU2,Cyclin-E1
DLEU2,ETS2
DLEU2,HK2
DLEU2,MCM5
DLEU2,NCAPG
DLEU2,TNF
DLEU2,TRIM2
DLEU2L,BRCA2
DLEU2L,TAOK1
DLG1-AS1,SSRP1
DLG1-AS1,YAP1
DLGAP1-AS1,EZH2
DLGAP1-AS1,TGFB2
DLGAP1-AS2,GALNT10
DLX6-AS1,Cul4A
DLX6-AS1,CXCL17
DLX6-AS1,FHL2
DLX6-AS1,PLK4
DLX6-AS1,PTEN
DLX6-AS1,SNCG
DLX6-AS1,VEGFA
DNAH17-AS1,CCNA2
DNAJC3-AS1,PRDM14
DNM3OS,GREM2
DNM3OS,MAP3K3
DNM3OS,PTEN
DNMT1,DNMT1
DQ192290,DRD5
DQ192290,GDF5
DQ786243,Wnt3A
DRAIC,H3K4me3
DRAIC,SET7
DRAIC,SET9
DSCAM-AS1,GPRC5A
DSCAM-AS1,USP47
DSCR8,FZD7
DUXAP8,CXCR4
DUXAP8,FOXM1
DUXAP8,HK2
DUXAP8,IGF1R
DUXAP8,NUPR1
DUXAP8,SAPCD2
DUXAP8,SOS1
DUXAP8,TOP2A
DUXAP8,WTAP
DUXAP9,LDHA
DUXAP9,sox9
E2F3P1,E2F3
EBLN3P,Rab10
ECONEXIN,TOP2A
eGFP-miR-155 sponge,JARID2
EGFR-AS1,EGFR
EGFR-AS1,STAT3
EGOT,ErbB4
EIF3J-AS1,AKT1
Eif4g2,Nrf2
ELFN1-AS1,MTA1
ELFN1-AS1,SATB1
ELFN1-AS1,SBK1
ENST00000518554,PPP3CA
ENST00000520186,PPP3CA
ENST00000535511,UBD
ENST00000547415,PPP3CA
ENST00000559981,PPP3CA
ENST00000609755.1,ELK1
ENST01108,SIK1
ENTPD3-AS1,HIF-1a
EPB41L4A-AS2,YBX1
ERBIN,4EBP-1
ERBIN,HIF-1a
ERICD,ARID3A
ERICD,E2F1
ESAT-6,SOCS1
ESCCAL-1,APOBEC3G
EWSAT1,CCND1
EWSAT1,Cyclin D1
EWSAT1,Cyclin-D1
EWSAT1,FBXL20
EWSAT1,ITGA5
EWSAT1,ROCK1
EYA1,CXCL14
FABP5P3,ZMYND19
FAL1,AFP
FAL1,AKT1
FAL1,NUPR1
FAL1,ZEB1
FALEC,PIWIL1
FAM201A,TNKS1BP1
FAM201A,Vimentin
FAM225A,CCNG1
FAM225A,NONO
FAM225B,CCND2
FAM230B,WNT5A
FAM66C,KCND2
FAM83A-AS1,CDC25B
FAM83A-AS1,FAM83A
FAM83H-AS1,CCNE2
FBXL19-AS1,OL1A1
FBXL19-AS1,PBOV1
FBXL19-AS1,ZEB1
FDNCR,DCN
FENDRR,FOXC2
FENDRR,PGC-1a
FENDRR,RUNX1
FER1L4,Prx1
FER1L4,PTEN
FER1L4,RB1
FERRE,EZH2
FEZF1-AS1,ITGA11
FEZF1-AS1,NUPR1
FEZF1-AS1,PAX6
FEZF1-AS1,PRRX1
FEZF1-AS1,SLC12A5
FEZF1-AS1,ZNF312B
FGD5-AS1,2-Sep
FGD5-AS1,CITED2
FGD5-AS1,DDX5
FGD5-AS1,KIAA1522
FGD5-AS1,MACC1
FGD5-AS1,NUAK2
FGD5-AS1,PD-L1
FGD5-AS1,RAB3D
FGF14-AS2,FGF14
FGFR3-AS,CCND1
FGFR3-AS,Cyclin-D1
FGFR3-AS,p21
FIRRE,YOD1
FLVCR1-AS1,MET
FLVCR1-AS1,RAP2A
FN1,CD44
FN1,VCAN
FOXC2-AS1,E2F3
FOXD1-AS1,FOXD1
FOXD2-AS1,ABCC3
FOXD2-AS1,E2F3
FOXD2-AS1,PIAS3
FOXD2-AS1,S100A1
FOXD2-AS1,VEGF-A
FOXD3-AS,TFF1
FOXD3-AS1,BCL2L13
FOXD3-AS1,FJX1
FOXD3-AS1,LIMK1
FOXD3-AS1,MDM2
FOXD3-AS1,ZCCHC3
FOXO3B,FOXO3
FOXO3P,FOXO3
FOXP4-AS1,NACC1
FTH1 pseudogenes,FTH1
FTH1P3,fizzled 5
FTH1P3,fizzled5
FTH1P3,FZD5
FTH1P3,RAC1
FTX,AEG-1
FTX,AEG1 
FTX,BCL2L2
FTX,c-Met
FTX,MCM2
Ftx,Nrg1
FTX,RIG-I
FTX,SOX4
FUT8-AS1,MAPK
FUT8-AS1,NRAS
GABPB1-AS1,Notch2
GABPB1-IT1,PEDF
GACAT1,YY1
GACAT3,SP1
GACAT3,STAT3
GACAT3,STAT3 
GAN1,PTEN
GAPLINC,c-MET
GAS5,AGO4
GAS5,AHR
GAS5,AKT
GAS5,ARHI
GAS5,ARHI 
GAS5,ARID1A
GAS5,BMF
GAS5,CDKN2B
GAS5,CELF2
GAS5,COX2
Gas5,Creb5
GAS5,CXCR4
GAS5,CYP2C8
GAS5,E4BP4
GAS5,E-cadherin
GAS5,EGR1
GAS5,EPHA4
GAS5,FBLN2
GAS5,FOXG1
GAS5,HDAC4
GAS5,HMGB1
Gas5,KCNK3
GAS5,LHPP
GAS5,MT2A
GAS5,mTOR
GAS5,NODAL
GAS5,p27
GAS5,PDCD4
GAS5,PI3K
GAS5,Prox1
GAS5,PTEN
GAS5,S6K1
GAS5,SDC1
GAS5,SIRT1
GAS5,Smad4
GAS5,SMG1
GAS5,STAT5
GAS5,Th1
GAS5,Th2
GAS5,TIMP2
GAS5,TIMP3
GAS5,TLR4
GAS5,TXNIP
GAS5,VEGFA
GAS5,vimentin
GAS5,ZEB1
GAS5,ZEB2
GAS6,TSPAN3
GAS6-AS1,SETD1A
GAS6-AS2,ARL2
GAS6-AS2,MAPK6
GAS8-AS1,ATG7
GATA3-AS1,Tex10
GATA6-AS1,GATA6
GBAP1,GBA
GCASPC,PC
GFP-sponge16,FGFR1
GFP-sponge16,JAG1
GFP-sponge16,JUN
GFP-sponge16,MDM4
GFP-sponge16,PI3KCA
GFP-sponge16,VEGFa
GHET1,RAP2B
GHRLOS,APC
GIHCG,ANO1
GIHCG,DNMT1
GIHCG,EZH2
GLIDR,MAGI2
GLIDR,TCF12
GM15290,AKT2
GM15290,IGF2
GM15290,SHMT2
Gm15834,ULK1
Gm28309,NF-kB
GM4419,TNFA
Gm4419,TNF-alpha
Gm7237,MRF
GPER,HOTAIR
Gpr137b-ps,CXCL14
GSEC,AXL
GSEC,EIF5A2
GUARDIN,TRF2
H19,AAV2
H19,ACSL4
H19,ACTA2
H19,AGO4
H19,AKT
H19,AKT2
H19,Akt3
H19,APEX1
H19,AQP3
H19,AQPQ
H19,ATG7
H19,b-catenin
H19,BCL2
H19,BCL-2
H19,CAMK2D
H19,CASP3
H19,caspase3
H19,CBL-B
H19,C-CBL
H19,CCK2R
H19,CDC25A
H19,CDC6
H19,CDH13
H19,c-Myc
H19,COL1A1
H19,COL3A1
H19,COL5A2
H19,CTNNB1
H19,CXCR4
H19,DICER
H19,DNMT1
H19,DNMT3B
H19,E2F1
H19,E2F3
H19,EGFR
H19,EGR1
H19,EIF3A
H19,ELF5
H19,EZH2
H19,FADD
H19,FBN1
H19,FOXM1
H19,FoxO3
H19,GATA2
H19,GIT2
H19,GSK-3B
H19,HDAC
H19,HER2
H19,HMAG2
H19,HMGA1
H19,Hmga2
H19,HMGB1
H19,HNRNP
H19,HuR
H19,iASPP
H19,ID2
H19,IGF1
H19,IGF1R
H19,IGF2
H19,IL6
H19,IL-6
H19,IL-8
H19,INSR
H19,ISM1
H19,ITGB1
H19,KIF1B
H19,KLF4
H19,LASP1
H19,LD
H19,LIMK1
H19,LIN28
H19,MET
H19,MMP14
H19,MMP-2
H19,NF1
H19,p21
H19,p53
H19,PAPPA
H19,PDK
H19,PFKFB3
H19,PGRN
H19,PPP1CA
H19,PTEN
H19,PTK2
H19,RB
H19,ROCK2
H19,RUNX1
H19,SATB1
H19,SIRT1
H19,SMAD
H19,SMAD3
H19,SORBS2
H19,SOX6
H19,SOX8
H19,SOX9
H19,SPARC
H19,STAR
H19,STAT3
H19,TGFB1
H19,TGFBI
H19,Tgfbr2
H19,TNF-a
H19,TRX
H19,USP10
H19,VASH2
H19,VDAC1
H19,VDR
H19,VEGF
H19,VEGFA
H19,VIM
H19,Vimentin
H19,Wnt5a
H19,YES1
H19,ZEB1
H19,ZEB2
H1FX-AS1,DACT1
HAGLR,MeCP2
HAGLR,SRSF
HAGLR,WNT2
HAGLROS,ATG9A
HAGLROS,ATG9B
HAND2-AS1,RARB
HAND2-AS1,TNFAIP3
HAS2-AS1,EZH2
HBL1,PRC2
HBV,RIG-G
HBV,RIG-I
HBV,SMAD7
HBX,ACSL1
HBX,AKT
HBx,EGFR
HBx,ERK
HBx,GLOBOH
HCAL,LAPTM4B
HCG11,ATG12
HCG11,BRMS1
HCG11,ELK4
HCG11,FOXF1
HCG11,GFI1
HCG11,MDM2
HCG11,MMP13
HCG11,PBX3
HCG11,PTPRS
HCG11,QKI5
HCG11,SATB2
HCG11,SIRT1
HCG11,SOCS5
HCG11,SOX4
HCG18,DNAJB12
HCG18,ETV5
HCG18,FOXC1
HCG18,NOTCH1
HCG18,PPP2R2A
HCG18,RAB14
HCG18,TRAF6
HCG18,WIPF1
HCP5,DNMT3A
HCP5,EZH2
HCP5,HDAC9
HCP5,HMGA1
HCP5,HMGA2
HCP5,HMGB1
HCP5,KYNU
HCP5,MAP3K2
HCP5,MET
HCP5,p21
HCP5,PDE4A
HCP5,PLAGL2
HCP5,SMAD5
HCP5,ST6GAL2
HCP5,ST6GAL2 
HCP5,TTF2
HCV RNA,STAT3
HEIH,CDK8
HEIH,CTTNBP2
HEIH,EZH2
HEIH,HDGF
HEIH,PI3K
HEIH,WEE1
HERG,MMP9
HERG,SNAIL
HERG,TWIST1
HHAS1,RUNX2
HIAT1,PTEN
HIF1A,PTEN
HIF1A-AS1,NF-kB
HIF1A-AS2,DNMT3A
HIF1A-AS2,DNMT3A 
HIF1A-AS2,HIF1A
HIF1A-AS2,HIF-1alpha
HIF1A-AS2,PD-L1
HIF1A-AS2,SOX4
HILAR,CXCR4
HILAR,JAG1
HILAR,Notch
HIPK2,CHTOP
HIPK3,CASR
HIPK3,NUPR1
HIX003209,IL-1b
HIX003209,IL-6
HIX003209,TNF-a
HLA-F-AS1,CCND1
HLA-F-AS1,E2F1
HLA-F-AS1,PFN1
HLA-F-AS1,TRABD
HMGA1P7,EGR1
HMGA2,TGFBR3
HNF1A-AS1,ATG5
HNF1A-AS1,BCL2
HNF1A-AS1,BCL-2
HNF1A-AS1,CDK4
HNF1A-AS1,MAP2K4
HNF1A-AS1,p53
HNF1A-AS1,RNF38
HNF1A-AS1,SERTAD3
HNF1A-AS1,SOX-4
HNF1A-AS1,SOX4 
HNRNPK,PTOV1-AS1
HNRNPU-AS1,AXIN2
HOST2,c-Myc
HOST2,DICER
HOST2,HMGA2
HOST2,IMP3
HOST2,STAT3
HOTAIR,ADAM10
HOTAIR,AGO2
HOTAIR,AGO4
HOTAIR,AKT2
HOTAIR,ARNT2
HOTAIR,ATG12
HOTAIR,ATG16
HOTAIR,ATG2
HOTAIR,ATG2B
HOTAIR,ATG7
HOTAIR,AXL
HOTAIR,BCL2
HOTAIR,BMI1
HOTAIR,Bmi-1
HOTAIR,CASP2
HOTAIR,caspase2
HOTAIR,CCND1
HOTAIR,CCND2
HOTAIR,CCNJ
HOTAIR,CDH1
HOTAIR,CDH2
HOTAIR,C-KIT
HOTAIR,c-MET
HOTAIR,c-Myc
HOTAIR,CREBBP
HOTAIR,Cx43
HOTAIR,CXCL12
HOTAIR,CXCR4
HOTAIR,Cyclin-J
HOTAIR,DHX33
HOTAIR,DNMT1
HOTAIR,E-cadherin
HOTAIR,EGFR
HOTAIR,EZH2
HOTAIR,FGF1
HOTAIR,FLOT1
HOTAIR,FOXC1
HOTAIR,FUS1
HOTAIR,FZD7
HOTAIR,GLS
HOTAIR,GPER
HOTAIR,HDAC1
HOTAIR,HER
HOTAIR,HER2
HOTAIR,HIF1
HOTAIR,HIF1A
HOTAIR,HLAG
HOTAIR,HLA-G
HOTAIR,HMGA2
HOTAIR,HMGB1
HOTAIR,HOXB8
HOTAIR,HOXD10
HOTAIR,HPV16 E7
HOTAIR,HuR
HOTAIR,IGF2
HOTAIR,JUP
HOTAIR,KLF6
HOTAIR,MAPK1
HOTAIR,MDM4
HOTAIR,MET
HOTAIR,MMP2
HOTAIR,N-cadherin
HOTAIR,NFKB
HOTAIR,NLRP3
HOTAIR,NOTCH3
HOTAIR,NPM1
HOTAIR,NRP2
HOTAIR,p21
HOTAIR,p53
HOTAIR,PCNA
HOTAIR,PDE7A
HOTAIR,PHOX2A
HOTAIR,PIAS3
HOTAIR,PIK3R2
HOTAIR,PIK3R3
HOTAIR,PPME1
HOTAIR,PRC2
HOTAIR,PTEN
HOTAIR,RAB22A
HOTAIR,SDF-1
HOTAIR,SGTB
HOTAIR,SKA2
HOTAIR,SNAIL
HOTAIR,SNAIL2
HOTAIR,SOX2
HOTAIR,SP1
HOTAIR,SRF
HOTAIR,SRSF1
HOTAIR,STAT3
HOTAIR,TBX3
HOTAIR,TCF7L2
HOTAIR,TPM3
HOTAIR,TYMS
HOTAIR,VEGF
HOTAIR,VEGFA
HOTAIR,VEGFA 
HOTAIR,VIM
HOTAIR,Vimentin
HOTAIR,WT1
HOTAIR,XIRP1
HOTAIR,ZEB1
HOTAIR ,AXL
HOTAIR ,HIF1A
HOTAIRM1,ABCE1
HOTAIRM1,B7H2
HOTAIRM1,CD14
HOTAIRM1,DRAM2
HOTAIRM1,E2F1
HOTAIRM1,HOXA
HOTAIRM1,HOXA1
HOTAIRM1,PIK3CD
HOTAIRM1,RIZ1
HOTAIRM1,SNAI2
HOTAIRM1,TGFb
HOTAIRM1,ULK1
HOTAIRM1,Wnt10b
HOTARI,PRC2
HOTTIP,AGO2
HOTTIP,AKT1
HOTTIP,AKT2
HOTTIP,BCL2
HOTTIP,BCL-2
HOTTIP,EZH1
HOTTIP,FRK
HOTTIP,HMGA2
HOTTIP,HOXA
HOTTIP,HOXA13
HOTTIP,KPNA3
HOTTIP,LASP1
HOTTIP,PTBP1
HOTTIP,SMARCE1
HOTTIP,STC1
HOTTIP,ZEB1
HOTTIP,ZEB2
HOXA10,MCL-1
HOXA11-AS,E2F1
HOXA11-AS,EZH2
HOXA11-AS,FSTL1
HOXA11-AS,ITGA9
HOXA11-AS,JPT1
HOXA11-AS,LSD1
HOXA11-AS,NF-kB
HOXA11-AS,NLRP3
HOXA11-AS,p21
HOXA11-AS,PADI2
HOXA11-AS,PBX3
HOXA11-AS,PDE4D
HOXA11-AS,ROCK1
HOXA11-AS,SALL4
HOXA11-AS,SP1
HOXA11-AS,STAT3
HOXA11-AS,ZEB1
HOXA-AS2,BTN3A1
HOXA-AS2,CDK8
HOXA-AS2,POU2F1
HOXA-AS2,RBBP4
HOXA-AS2,RELA
HOXA-AS2,TGFBR2
HOXA-AS2,ZFX
Hoxaas3,Runx1
HOXA-AS3,LTbR
HOXA-AS3,Notch1
HOXA-AS3,PDE5A
HOXB-AS1,Wnt10b
HOXB-AS3,ADAM9
HOXB-AS3,LDHA
HOXC13-AS,HOXC13
HOXC-AS3,SOS1
HOXD1,STARD13
HOXD10,STARD13
HOXD-AS1,AEG-1
HOXD-AS1,AEG1 
HOXD-AS1,ARHGAP11A
HOXD-AS1,E2F8
HOXD-AS1,EZH2
HOXD-AS1,FGF2
HOXD-AS1,FZD4
HOXD-AS1,MMP2
HOXD-AS1,PRB
HOXD-AS1,SOX4
HRCR,ARC
hsa_circ_0000117,STAT3
hsa_circ_0000277,LAMA1
hsa_circ_0000520,NLRP3
hsa_circ_0000700,PRRG4
hsa_circ_0000700,PSMB5
hsa_circ_0000700,REEP5
hsa_circ_0001564,CANX
hsa_circ_0001666,ETV4
hsa_circ_0001681,TWIST1
hsa_circ_0001785,SOCS3
hsa_circ_0001859,ATF2
hsa_circ_0002577,IGF1R
hsa_circ_0003340,PDX1
hsa_circ_0004872,Smad4
hsa_circ_0005114,APC
hsa_circ_0006168,IGF1R
hsa_circ_0006859,ROCK1
hsa_circ_0008003,ZNF281
hsa_circ_0008234,RND3
hsa_circ_0008274,HMGA2
Hsa_circ_0008360,CCND2
hsa_circ_0008934,E2F3
hsa_circ_0012673,ERBB3
hsa_circ_0012919,DNMT1
hsa_circ_0013958,cyclin D1
hsa_circ_0020123,EZH2
hsa_circ_0020123,ZEB1
hsa_circ_0024108,CX3CR1
hsa_circ_0024108,EAG1
hsa_circ_0024108,ICAM-1
hsa_circ_0024108,MMP2
hsa_circ_0024108,MMP-2
hsa_circ_0024108,MMP9
hsa_circ_0024108,MMP-9
hsa_circ_0024108,NF2
hsa_circ_0024108,PROX1
hsa_circ_0024108,WNT2B
hsa_circ_0025721,CXCL8
hsa_circ_0026416,NFIB
hsa_circ_0035292,CXCR1
hsa_circ_0036722,FOXM1
hsa_circ_0036722,SOX2
hsa_circ_0036722,VSNL1
hsa_circ_0036722,WNT2B
hsa_circ_0036877,FURIN
hsa_circ_0042823,FOXM1
hsa_circ_0043256,ITCH
Hsa_circ_0043265,SALL1
hsa_circ_0044234,GATA3
hsa_circ_0049055,FZD8
hsa_circ_0050139,RUNX2
hsa_circ_0053063,PDCD4
hsa_circ_0058106,SMAD7
hsa_circ_0058106,WNT2B
hsa_circ_0058107,SMAD7
hsa_circ_0058357,AVL9
hsa_circ_0065336,PTPN11
hsa_circ_0069767,KRAS
hsa_circ_0072309,FTO
hsa_circ_0075960,SH2B1
hsa_circ_0079480,HDGF
hsa_circ_104566,FOXP1
hsa_circ_IPCEF1,CASR
hsa_circ_IPCEF1,CDC25B
hsa_circ_IPCEF1,NFkB1
hsa_circ_IPCEF1,SHOC2
hsa_circRNA_102229,PFTK1
HSPB1P1,HMGA1
HSURs1,FOXO1
HSURs1,PAX3
HSURs1,RUNX1
HSURs2,FOXO1
HSURs2,PAX3
HSURs2,RUNX1
HULC,ADAM9
HULC,AKT
HULC,BCL2
HULC,cMyc
HULC,c-Myc
HULC,COX-2
HULC,CREB
HULC,CXCR4
HULC,E2F1
HULC,HNF4G
HULC,IL6
HULC,IL-6
HULC,ITGB8
HULC,JAK
HULC,MET
HULC,PI3K
HULC,PPARA
HULC,PRKACB
HULC,SIRT1
HULC,SPHK1
HULC,STAT
HULC,TLR4
HULC,USP22
HULC,VAMP2
HULC,ZEB1
HuR,PDCD4
HYPAL,CDK14
IFITM4P,IFITM1
IFITM4P,IFITM2
IFITM4P,IFITM3
IGF1R,ACSl3
IGF1R,IGFBP2
IGF1R,INHA
IGF1R,KIF21B
IGF1R,ROCK2
IGF2-AS,CDH2
IGF2-AS,CREB1
IGF2-AS,IGF2
IGF2-AS,KLK4
IGFL2-AS1,SATB1
IL6-AS1,IL-6
ILF3-AS1,EZH2
ILF3-AS1,MEIS2
ILF3-AS1,PLAGL2
ILF3-AS1,PTEN
ILF3-AS1,RAB14
i-lncRNA,P27KIP1
i-lncRNA,PTEN
i-lncRNA,RECK
i-lncRNA,TIMP3
IMFlnc1,CAV-1
INHBA-AS1,AKT1
INHBA-AS1,MCL1
IPS1,PHO2
IRAK4,p21
IRAK4,p53
ITGB2-AS1,HMGA1
ITGB8-AS1,ITGA3
ITGB8-AS1,ITGB3
IUR,P53
JARID2,PTEN
JHDM1D-AS1,PRAF2
JPX,CDH2
JPX,HIF-1a
JPX,VEGFA
KCNMB2-AS1,IGF2BP3
KCNMB2-AS1,ROCK1
KCNMB2-AS1,S100A10
KCNMB2-AS1,SMAD5
KCNQ1,EGFR
kcnq1ot1,ABCA1
KCNQ1OT1,ACER3
KCNQ1OT1,AKT3
KCNQ1OT1,ATG12
KCNQ1OT1,BCL2L2
KCNQ1OT1,BDNF
KCNQ1OT1,CBX3
KCNQ1OT1,CCNE2
KCNQ1OT1,CCNE2 
KCNQ1OT1,CDK16
KCNQ1OT1,CHI3L1
KCNQ1OT1,CTNND1
KCNQ1OT1,DRAM2
KCNQ1OT1,EphA7
kcnq1ot1,HDAC3
KCNQ1OT1,IGF1R
KCNQ1OT1,MET
KCNQ1OT1,NLRP1
KCNQ1OT1,NLRP3
KCNQ1OT1,NLRP7
KCNQ1OT1,PD-L1
KCNQ1OT1,S1PR1
KCNQ1OT1,SP1
KCNQ1OT1,STC1
KCNQ1OT1,TCF4
KCNQ1OT1,TRIM44
KCNQ1OT1,TRPS1
KCNQ1OT1,USP22
KCNQ1OT1,USP47
KCNQ1OT1,ZNF146
KIAA1274,KNG1
KLF6,PTEN
KRAL,KEAP1
KRASP1,KRAS
KRT17P3,mTOR
KTN1-AS1,PDPK1
LAMC1,CD151
LAMTOR5-AS1,LAMTOR5
LBX1-AS1,FOXO3
LBX2-AS1,CXCL5
LBX2-AS1,E2F2
LBX2-AS1,KDM5C
LBX2-AS1,S100A11
LEF1-AS1,CD44
LEF1-AS1,HIGD1A
LEF1-AS1,MSI1
LEF1-AS1,RAMP3
LEMD1-AS1,TP53
lenti-decoy 133,GLUT4
lenti-decoy 133,KLF15
LET,TGFB1
LEXIS,CTNNB1
LHFPL3-AS1,BCL2
LHFPL3-AS1,CHSY1
LIFR-AS1,COL1A2
LIFR-AS1,MTUS1
LIFR-AS1,NFIA
LINC_00355,PHF19
LINC00052,AKT
LINC00052,EPB41L3
LINC00052,ERBB4
LINC00052,NTRK3
LINC00052,TGFBR2
LINC00115,SOX9
LINC00152,BCL2
LINC00152,BCL-2
LINC00152,BMI1
LINC00152,CDC25A
LINC00152,ERBB4
LINC00152,FAS
LINC00152,FEZF1
LINC00152,HIF1
LINC00152,HIF1A
LINC00152,HIF-1a
LINC00152,HMGA2
LINC00152,KI-67
LINC00152,MCL1
linc00152,MCL-1
LINC00152,NTRK3
LINC00152,P16
LINC00152,p16 
LINC00152,TCF4
LINC00161,IFIT2
LINC00162,NCL
LINC00162,NUCLEOLIN
LINC00173,NUTF2
LINC00173,RAB14
LINC00173,Rab25
LINC00174,SCD5
LINC00174,SSH2
LINC00174,TAZ
LINC00174,TAZ 
linc00174,VEGFA
LINC00176,AP4
LINC00176,AP-4
LINC00176,MAX
LINC00176,Myc
LINC00184,ANGPT2
LINC00184,ANXA2
LINC00200,SERPINE1
LINC00210,GFRA1
Linc00210,PTK2
LINC00239,KLF12
LINC00240,EGFR
LINC00240,HGF
LINC00242,G6PD
LINC00261,HIPK2
LINC00261,MT1M
LINC00261,PTEN
LINC00261,SDPR
LINC00261,SOCS3
LINC00261,TCF4
Linc00261,TIMP4
LINC00261,TNRC6A
LINC00263,CAPN2
LINC00265,CBX4
Linc00284,c-Met
LINC00284,MAFG
LINC00301,HIF1a
LINC00312,MMP2
LINC00312,MMP9
LINC00312,TIMP2
LINC00319,AURKA
LINC00319,caspase3
LINC00319,EZH2
LINC00319,SOX9
LINC00319,TWIST1
LINC00324,ADCYAP1R1
LINC00324,BCAT1
LINC00324,BTG2
LINC00324,TRIM29
LINC00339,MED19
LINC00339,MMP14
LINC00339,MMP-14
LINC00339,MMP2
LINC00339,MMP-2
LINC00339,ROCK1
LINC00342,NPEPL1
LINC00346,ROCK1
LINC00346,SZRD1
Linc00426,UBE2V1
LINC00441,RAB10
LINC00460,BGN
LINC00460,IL6
LINC00460,p53
LINC00460,PBX3
LINC00460,SphK1
LINC00461,COX-2
LINC00461,HOXA10
LINC00461,WDR1
LINC00466,CHEK1
LINC00466,HMGA2
LINC00466,PPP1R14B
LINC00467,KPNA4
LINC00467,STAT3
Linc00467,TFAP2A
LINC00470,WEE1
LINC00472,TRIM8
LINC00473,CCND2
LINC00473,ERK
LINC00473,IKKA
LINC00473,KMT5A
LINC00473,LITAF
LINC00473,MAPK
LINC00473,p38
LINC00473,SPIN1
LINC00473,wnt3a
Linc00475,YAP1
LINC00483,SPAG9
LINC00488,PON2
LINC00491,SP1
LINC00501,HMGB1
LINC00504,HMGB3
LINC00511,DVL3
LINC00511,LAMC2
LINC00511,SOX4
LINC00511,VEGFA
LINC00511,WISP1
LINC00511,WISP2
LINC00514,CCDC71L
LINC00514,KRAS
LINC00514,Rap1b
LINC00518,AP1S2
LINC00518,HIF-1a
LINC00519,MACC1
LINC00520,CCNE2
LINC00520,FOXR2
LINC00526,BEX1
LINC00574,UGT2B15
LINC00607,E2F6
LINC00636,MAPK1
LINC00654,OGFRL1
LINC00657,PD-L1
LINC00657,PTEN
LINC00657,RUNX3
LINC00659,ANXA2
LINC00659,UST-AS1
LINC00662,CDC25A
LINC00662,E2F1
LINC00662,ELK3
LINC00662,LMAN2L
LINC00662,Notch2
linc00662,PAFAH1B2
LINC00662,PDK4
LINC00662,STAT3
LINC00665,ASF1B
LINC00665,ATF1
LINC00665,BCL9L
LINC00665,FZD3
LINC00665,GRP78
LINC00665,MAP4K3
LINC00665,MYCBP
LINC00665,PAK2
LINC00665,PSMD10
LINC00665,RAP1B
LINC00665,VMA21
LINC00667,FOXQ1
LINC00667,PDK1
LINC00667,SLC2A3
LINC00668,VEGFA
LINC00673,PTPN11
LINC00673,ZEB1
LINC00675,GFI1
LINC00675,GSK3B
LINC00680,AKT3
LINC00689,IGF2BP1
LINC00689,USP6NL
LINC00691,ST5
LINC00707,AHSA1
LINC00707,CDCA3
LINC00707,VEGFA
LINC00857,CBX3
LINC00857,E2F3
LINC00857,TGFA
LINC00857,Vimentin
LINC00858,CTGF
LINC00858,FOXP4
LINC00858,KLK4
LINC00858,Rabl3
LINC00858,RAD18
LINC00858,TRIM44
LINC00861,PTEN
LINC00882,CTNNB1
LINC00885,MACC1
Linc00887,FRMD6
LINC00887,NRP1
LINC00887,NUP205
LINC00894,ZEB1
LINC00894-002,TAMR
LINC00909,MRC2
LINC00922,CLDN1
LINC00936,ZC3H12A
LINC00941,MYC
Linc00941,PMEPA1
LINC00941,ROCK1
LINC00941,VEGFA
LINC00942,FZD1
LINC00943,CXCL12
LINC00943,RAB3IP
LINC00958,CENPK
LINC00958,KIF2A
LINC00958,SIRT1
LINC00958,YY1
LINC00960,IRAK1
LINC00963,CDC5L
LINC00963,FN1
LINC00963,HSPA8
Linc00963,TRIM24
LINC00963,XBP1
LINC00969,KLKP1
LINC00992,GOLM1
LINC00997,CUL2
LINC01003,PIM1
LINC01006,CTNNB1
LINC01006,DAAM1
LINC01006,PAK2
LINC01013,FMNL3
LINC01016,SATB1
LINC01018,PDCD4
LINC01021,p53
LINC01088,PAK4
LINC01089,BTG2
LINC01089,HOXA10
LINC01089,PTEN
LINC01089,SFRP1
LINC01089,STARD13
LINC01089,TET1
LINC01094,b-catenin
LINC01094,c-Myc
LINC01094,cyclin D1
LINC01116,CDCA4
LINC01116,FOXP1
LINC01116,GDF11
LINC01116,HOXB8
LINC01116,MDM2
LINC01116,SDC3
LINC01116,SMAD3
LINC01116,SMAD5
LINC01116,STAT3
LINC01116,TGFB1
LINC01116,TGF-b1
LINC01116,UBE2L3
LINC01123,Gli1
LINC01123,LF5
LINC01123,TUFT1
LINC01123,ZEB1
LINC01125,TNFAIP3
LINC01126,HIF-1a
LINC01126,MAPK
LINC01128,MMP2
LINC01132,SOX9
LINC01133,APC
LINC01133,Rab3D
LINC01133,SNAI1
LINC01133,TPD52
LINC01133,TPT1
LINC01134,mTORC1
LINC01138,KLKP1
LINC01152,MAML2
LINC01158,CENPK
linc01184,HER2
LINC01194,GOLPH3
LINC01194,SETD7
LINC01207,PODXL
LINC01207,TRIM22
LINC01224,AKT3
LINC01224,CDK8
LINC01234,CBFB
LINC01272,ITGB2
LINC01278,ACTG2
LINC01278,KDM2A
LINC01278,KRAS
LINC01287,MAP3K13
LINC01287,RNASEH2A
LINC01287,STAT3
LINC01291,IGF-1R
LINC01296,MMP9
LINC01296,MMP-9
LINC01296,PDCD4
LINC01296,PTEN
LINC01296,TPM1
LINC01296,ZEB1
LINC01296,ZEB2
LINC01303,TIMP2
LINC01305,Sox4
LINC01315,PRKAA1
LINC01320,RAB19
LINC01410,HK2
LINC01410,NDRG3
LINC01410,NOTCH2
LINC01410,WEE1
LINC01426,ETS1
LINC01503,CCND1
LINC01503,P4HA1
LINC01503,PD-L1
LINC01503,VIM
LINC01515,CDCA5
LINC01515,DICER1
LINC01535,KCNC4
LINC01541,WIF1
LINC01551,ADAM10
LINC01554,NGFR
LINC01559,PARP1
LINC01559,SLC38A1
LINC01564,PHGDH
LINC01569,RAP2A
LINC01572,ATG14
LINC01605,AKT1
LINC01614,SNX3
LINC01619,FOXO1
LINC01638,BATF3
LINC01667,Cyclin-E1
LINC01705,TPR
LINC01816,CRABP2
Linc01833,S100A4
LINC01857,MAP4K4
LINC01929,FOXC1
LINC01969,LARP1
LINC01977,GOLM1
LINC02086,SLC26A2
LINC02288,RTN3
LINC02308,TM4SF1
LINC02381,CDCA4
Linc02381,MAP2K3
LINC02418,BCL2
LINC02418,KNL1
LINC02582,CHK1
LINC02747,TFE3
Linc1749808,YAP1
linc-223,IRF4
LincIN,HOXB13
Linc-KIAA1737-2,NFKB
Linc-KIAA1737-2,TLR4
linc-MD1,HuR
linc-MD1,MAML1
linc-MD1,MEF2C
linc-NeD125,CDK6
linc-NeD125,KDM6A
linc-NeD125,MYCN
linc-NeD125,SNCAIP
LINC-P21,NR3C2
Linc-PINT,DKK1
LincRNA-Cox2,STAT3
lincRNA-p21,CTNNB1
lincRNA-p21,JUNB
LincRNA-p21,SIRT7
lincRNA-RoR,4-Oct
lincRNA-RoR,ARF6
lincRNA-RoR,ARF6 
lincRNA-RoR,BCL2
lincRNA-ROR,BCL-2
lincRNA-RoR,CACO2
lincRNA-RoR,c-Myc
lincRNA-RoR,FSCN1
lincRNA-RoR,HCT8
lincRNA-RoR,KLF4
lincRNA-RoR,MUC1
lincRNA-RoR,NANOG
lincRNA-RoR,p53
lincRNA-RoR,RAD18
lincRNA-RoR,RKO
lincRNA-RoR,SOX2
lincRNA-RoR,SW480
lincRNA-RoR,SW620
lincRNA-RoR,TGFB
lincRNA-RoR,TNBC
lincRNA-RoR,ZEB1
lincRNA-RoR,ZEB2
Linc-ROR,FGF7
Linc-ROR,SOX9
Linc-SCRG1,SKP2
LIPE-AS1,HDGF
LIPE-AS1,MAPK
LKR13-Tet-On-KRAB-TE-let-7g,HMGA2
LKR13-Tet-On-KRAB-TE-let-7g,RAS
LNA-anti-miR-326,ETS1
lnc_000231,CCNE1
LNC00115,ERK
LNC015192,ADAM12
lnc133b,IGF1R
lnc133b,PP2AC
lnc34A,p53
Lnc-408,COL1A1
Lnc-408,ITGB1
Lnc-408,LIMK1
Lnc-408,MMP2
LNC473,APAF1
LNC474,APAF2
lnc556,STAT3
Lnc712,Bach-1
lnc865,STAT3
Lnc-APUE,E2F1
lncARSR,AXL
lncARSR,c-MET
lncARSR,HK2
lncARSR,ZEB1
lncARSR,ZEB2
lncARSR,ZEBC
lnc-ATB,KINDLIN2
lnc-ATB,Kindlin-2
Lnc-CTSLP8,CTSL1
LncDBH-AS1,AXIN1
lncGALM,ZEB1
lncGALM,ZEB2
lnc-HZ02,HuR
lnc-HZ04,p53
LncIMF2,ATGL
LncIMF2,PPARr
lncMD,IGF2
lnc-mg,IGF2
lnc-MKI67IP-3,IKBB
lnc-MMP2-2,EPB41L5
LncMyoD,ACADSB
lnc-NLC1-C,PRDX-3
lnc-NOS2P3,iNOS
lnc-NOS2P3,TNFa
lnc-NTF3-5,RUNX2
LncOGD-1006,CAAP1
LncOR13C9,ABCA1
Lnc-ORA,IGF2BP2
lncRNA- RP11-156p1.3,RFTN1
LncRNA-42060,SOX4
LncRNA-599547,ALP
LncRNA-599547,LEF1
lncRNA-ATB,b-catenin
lncRNA-ATB,CTNNB1
LncRNA-ATB,MEKK2
LncRNA-ATB,NOTCH2
lncRNA-ATB,TGFB2
lncRNA-CIR,MMP13
lncRNA-EMS,WTAP
lncRNA-F630028O10Rik,Col1a1
lncRNA-FER1L4,CDKN1A
lncRNA-FER1L4,E2F1
lncRNA-FER1L4,HIPK3
lncRNA-FER1L4,IL10
lncRNA-FER1L4,IL-10
lncRNA-FER1L4,PAK7
lncRNA-FER1L4,PTEN
lncRNA-FER1L4,RB1
lncRNA-FER1L4,RUNX1
lncRNA-FER1L4,VEGFA
lncRNA-GS1-358P8.4,KIF2C
LncRNA-H19,CDK2
LncRNA-H19,MCP-1
lncRNA-MODR,RUNX2
lncRNA-MSR,TMSB4
lncRNA-NRF,RIPK1
lncRNA-NRF,RIPK3
lncRNA-p21,SIRT1
lncRNA-POIR,FOXO1
lncRNA-POIR ,FOXO1
lncRNA-RNCR3,KLF2
lncRNAS56464.1,Wnt
LncRNA-SNHG29,BMP2
LncRNA-SNHG29,RUNX2
lncRNA-SNHG7-003,SIRT7
LNCRPA,CASP8
lncRpa,caspase8
LNCRPA,p38
LncRSPH9-4,MMP3
lnc-SCA7,ATXN7
Lnc-STYK1-2,ITGA2
lnc-TLCD2-1,NF-kB-P65
lnc-TLCD2-1,YY1
LncUBE2R2-AS1,EGFR
LncZEB1-AS1,AKT
LncZEB1-AS1,EGFR
LncZEB1-AS1,PI3K
LOC100129148,KLF12
LOC100129620,CDK6
LOC100129973 ,API5
LOC100129973 ,BCL2L12
LOC100505817,WT1
LOC100912373,AKT
LOC100912373,PDK1
LOC102176306,PPARGC1A
LOC146880,ENO1
LOC146880,FSCN1
LOC150622,TUSC7
loc339803,SNAIL1
LOC553103,CDH2
LOC553103,MMP2
LOC553103,MMP9
LOC553103,SNAL1
LOC554202,RHOA
LOC554202,WAVE3
Loc680254,Psrc1
Loc680254,Ska1
LOC728196,TCF7
LOC729178,PHLPP2
LOXL1-AS1,CBX5
LOXL1-AS1,CD44-EGFR
LOXL1-AS1,HSPA9
LOXL1-AS1,KLF6
LOXL1-AS1,NFIB
LOXL1-AS1,RHOB
LOXL1-AS1,TRAF6
LRCF,caspase3
LRCH1,PTEN
LRRC75A-AS1,BAALC
LSINCT5,AKT
LSINCT5,PI3K
LSINCT5,PTEN
LSINCT5,XIAP
LSINCT5,ZNF703
LUADT1,Pim-1
LUCAT1,ABCB1
LUCAT1,ADAM10
LUCAT1,Bcl2
LUCAT1,DNMT1
LUCAT1,LRP1
LUCAT1,MDR1
LUCAT1,MRP5
LUCAT1,ROCK1
LUCAT1,Wnt
LUCAT1,YAP1
LUCAT1,ZEB1
LUNAR1,MYCBP
LV-ets-1-3UTR-MRE,ETS1
LYRM4-AS1,GRPR
M59227,TUSC7
MAFG-AS1,NFIX
MAFG-AS1,NFKB1
MAFG-AS1,OTX1
MAFG-AS1,PDX1
MAFG-AS1,SOD2
MAFG-AS1,SphK1
MAGI2-AS3,BACE1
MALAT1,ABCA1
MALAT1,ADAM10
MALAT1,ADAM17
MALAT1,AGO2
MALAT1,AKAP12
MALAT1,AKT
MALAT1,ANXA2
MALAT1,APOL1
MALAT1,ATAD2
MALAT1,ATG12
MALAT1,ATG4D
MALAT1,bax
MALAT1,BCL2
MALAT1,BCL-2
MALAT1,Beclin1
MALAT1,BMI1
MALAT1,B-MYB
MALAT1,BNIP3
MALAT1,BRCA1
MALAT1,BUB1
MALAT1,CAPN4
MALAT1,CCAAT
MALAT1,CDC42
MALAT1,CDH1
MALAT1,CDK4
MALAT1,C-FOS
MALAT1,CLDN11
MALAT1,Cle-Caspase-3
MALAT1,CNR1
MALAT1,CREB1
MALAT1,CXCR2
MALAT1,CXCR4
MALAT1,DLL1
MALAT1,DNMT1
MALAT1,DUSP1
MALAT1,E2F1
MALAT1,E2F5
MALAT1,E-cadherin
MALAT1,EGFR
MALAT1,ELAVL1
MALAT1,ERA
MALAT1,ERK
MALAT1,ETS1
MALAT1,EZH2
MALAT1,Fas
MALAT1,FBXW7
MALAT1,FOXP1
MALAT1,FOXP2
MALAT1,FOXQ1
MALAT1,GLI2
MALAT1,GPNMB
MALAT1,GRB2
MALAT1,H9C2
MALAT1,HDAC4
MALAT1,HIF2A
MALAT1,HIF-2a
MALAT1,HMGA1
MALAT1,HMGA2
MALAT1,HMGB1
MALAT1,HMGB2
MALAT1,HOXC4
MALAT1,IAPs
MALAT1,IASPP
MALAT1,IGF1R
MALAT1,IGF-1R
MALAT1,IGF2BP2
MALAT1,IL6ST
MALAT1,ITGB1
MALAT1,JAG1
MALAT1,KDM5B
MALAT1,KLF4
MALAT1,KRAS
MALAT1,K-RAS
MALAT1,LIF
MALAT1,MAGEA9
MALAT1,MAPK
MALAT1,MCL1
MALAT1,MCL-1
MALAT1,MEF2A
MALAT1,Mfn1
MALAT1,MMP13
MALAT1,MMP-13
MALAT1,MMP14
MALAT1,mTOR
MALAT1,Nova1
MALAT1,NRF2
MALAT1,NUMB
MALAT1,p21
MALAT1,p62
MALAT1,PCNA1
MALAT1,PCNA1 
MALAT1,PDE4D
MALAT1,PD-L1
MALAT1,PTEN
MALAT1,PTGS1
MALAT1,PTK7
Malat1,RAB5A
MALAT1,RAC1
MALAT1,RAF1
MALAT1,RALGAPA2
MALAT1,RAP1B
MALAT1,RBG2
MALAT1,RBM24
MALAT1,ROCK1
MALAT1,ROCK2
MALAT1,Runx2
MALAT1,SIRT1
MALAT1,SIRT7
MALAT1,SLUG
MALAT1,Smad1
MALAT1,SMAD3
MALAT1,SMAD4
MALAT1,SNAIL
MALAT1,SNARE
MALAT1,SOX6
MALAT1,Spastin
MALAT1,SphK1
MALAT1,SRF
MALAT1,ST8SIA4
MALAT1,STAT3
MALAT1,STMN1
MALAT1,TGFA
MALAT1,TGFB
MALAT1,TGFB1
MALAT1,TGF-beta
MALAT1,TGFBR2
MALAT1,TRAF6
MALAT1,TRIM65
MALAT1,TS
MALAT1,TXNIP
MALAT1,TYMS
MALAT1,UBE2C
MALAT1,ULK2
MALAT1,UPF1
MALAT1,VEGFA
MALAT1,ZBTB4
MALAT1,ZEB1
MALAT1,ZEB2
MALAT1,ZNF217
MALAT1,ZO-1
MAP3K20,JAK2
MAPKAPK5-AS1,PLAGL2
MAPKAPK5-AS1,YWHAH
MBNL1,PTEN
MBNL1-AS1,PTEN
MCF2L-AS1,CCNE1
MCF2L-AS1,FOXM1
MCF2L-AS1,MSI2
MCF2L-AS1,SLC12A7
MCF2L-AS1,TTF2
MCM3AP-AS1,ARPP19
MCM3AP-AS1,E2F3
MCM3AP-AS1,EIF4E
MCM3AP-AS1,FOXC1
MCM3AP-AS1,FOXF2
MCM3AP-AS1,KLF5
MCM3AP-AS1,SENP1
MCM3AP-AS1,SIRT1
MCM3AP-AS1,VEGF
MEF2C-AS1,RSPO1
MEG3,12-LOX 
MEG3,15-LOX 
MEG3,ABCG2
MEG3,ACSl3
MEG3,ADH4
MEG3,AIFM2
MEG3,AKAP12
MEG3,AKT
MEG3,ALOX12
MEG3,ALOX15
MEG3,BCL2
MEG3,BCL-2
MEG3,BTG2
MEG3,CDH1
MEG3,CEP131
MEG3,DNMT1
MEG3,DNMT3B
MEG3,E2F3
MEG3,E-cadherin
MEG3,EGFR
MEG3,ERK
MEG3,ERp29
MEG3,FGFR2
MEG3,FOXO1
MEG3,FOXO4
MEG3,FOXP3
MEG3,GSDMD
MEG3,HDAC7
MEG3,HMGB1
MEG3,IDO1
MEG3,IDO2
MEG3,Igfbp2
MEG3,IL-10
MEG3,Inha
MEG3,KIF21B
MEG3,KLF4
MEG3,MDK
MEG3,MDR1
MEG3,MIF
MEG3,Mllt1
MEG3,MRP1
MEG3,NF-kB
MEG3,Nlrp3
MEG3,NUMB1
MEG3,P38
MEG3,p53
MEG3,PABPC4
MEG3,Pax6
MEG3,PBLD
MEG3,PCNA
MEG3,PDCD4
MEG3,PDHB
MEG3,PD-L1
MEG3,PKM2
MEG3,PTEN
MEG3,RBMS3
MEG3,RORRt
MEG3,ROR¦Ãt
MEG3,RTKN
MEG3,SCARA5
MEG3,SIRT1
MEG3,SKP2
MEG3,SLC39A1
MEG3,SOST
MEG3,SOX11
MEG3,SP-D
MEG3,TDO
MEG3,TET2
MEG3,TP53INP1
MEG3,TRPV4
MEG3,TXNIP
MEG3,TYMS
MEG3,VEGF
MEG8,NOT
MEG8,SOBP
MEG8,TGFbR1
MEG8,TNF
MEOX2-AS1,VDAC1
MFAT1,Smad4
MFI2-AS1,TRIAP1
MHENCR,IGF1
MHENCR,SPIN1
MIAT,ANP
MIAT,BCOR
MIAT,b-MHC
MIAT,BNP
MIAT,CASP1
MIAT,CTGF
MIAT,DDX5
MIAT,DERL1
MIAT,Derlin-1
MIAT,DUSP7
MIAT,E2F3
MIAT,ERK
MIAT,FOXM1
MIAT,HLEC
MIAT,ICAM1
MIAT,IGF1R
MIAT,IL1B
MIAT,NFkB
MIAT,Prox1
MIAT,RAB22A
MIAT,SOX11
MIAT,STAT3
MIAT,STIM1
MIAT,TLR4
MIAT,VEGF
MIAT,ZAK
MIAT,ZEB1
MIF,c-Myc
MIM169a,NF-YA1
MIM169a,NF-YA10
MIM169a,NF-YA2
MIM169a,NF-YA6
MINCR,EZH2
miR-10 sponge,HOXD10
miR-10 sponge,HOXD-10
MIR100HG,CBX6
MIR100HG,GATA6
MIR100HG,OTX1
MIR100HG,p53
miR-125 sponge,NR2A
miR-134 sponge,MBD3
miR-135b sponge,b-TrCP
miR-135b sponge,LATS2
miR-135b sponge,LZTS1
miR-135b sponge,NDR2
MIR143HG,ILK
miR143HG,p53
MIR143HG,RBM24
miR-155 sponge,MECP2
miR-155 sponge,SHIP1
MIR155HG,BIC
MIR155HG,C1S
MIR155HG,MEF2A
miR-15a-16-1 sponge,FASN
miR168-sponge,SlAGO1A
miR168-sponge,SlAGO1B
MIR17HG,HK1
miR-18 GFP sponge(pcDNA5-CMV-d2eGFP vector),E2F1
MIR181A2HG,AKT2
miR-181-sponge,MT-CO1
miR-181-sponge,PTEN
miR-182 sponge,SLC1A1
miR-183 sponge,RAB21
miR-183 sponge,SLC1A1
miR-188-3p sponge,BACE1
MIR194-2HG,TCF19
miR-199-sponge,PGC1A
miR-20 GFP sponge(pcDNA5-CMV-d2eGFP vector),CD69
miR-20 GFP sponge(pcDNA5-CMV-d2eGFP vector),E2F1
miR-20 GFP sponge(pcDNA5-CMV-d2eGFP vector),E2F5
MIR205HG,SOX4
MIR205HG,TWIST2
miR-21 sponge,PDCD4
miR-21 sponge,PTEN
miR-21 sponge,SPRY2
MIR210HG,CDH2 
miR210HG,N-cadherin
MIR210HG,VIM
miR210HG,vimentin
miR221 sponge,PDLIM2
miR221 sponge,RELA
miR222 sponge,PDLIM2
miR222 sponge,RELA
MIR22HG,ADAMTS5
MIR22HG,MMP2
MIR22HG,STAT3
miR-23 sponge,IDH1
miR-23 sponge,LE1
miR-27a sponge,SIGLEC1
miR-27a sponge,TRIM27
miR-31 sponge,FZD3
miR-31 sponge,ITGA5
miR-31 sponge,MMP16
miR-31 sponge,M-RIP
miR-31 sponge,RDX
miR-31 sponge,RHOA
MIR3142HG,HMGB1
MIR31HG,ACTB
MIR31HG,CCND1
MIR31HG,EMP1
MIR31HG,ETS1
MIR31HG,KRAS
MIR31HG,MCL1
MIR31HG,NT5E
MIR31HG,PLAU
MIR31HG,STARD7
MIR31HG,STMN1
MIR31HG,UPA
MIR31HG,YWHAZ
MIR4435-2HG,RBM3
MIR4435-2HG,YWHAZ
miR-449 sponge,BAX
miR-449 sponge,p53
miR-449 sponge,SIRT1
MIR4713HG,TMC7
miR-483 sponge,IGF1
miR-497 sponge,BCL2
miR-497 sponge,LC3B-II
miR-497-195 sponge,FASN
MIR497HG,E2F4
MIR503HG,HOXA9
miR503HG,PDCD4
MIR503HG,Smad3
MIR503HG,SMURF2
MIR503HG,TUSC3
miR-7-specific decoy transcript,CDC7
miR-802 sponge,FOXM1
miR-802 sponge,MECP2
miR-9 sponge,CDH1
miR-9 sponge,VEGF
miR-92 sponge,KCC2
miR-96 sponge,SLC1A1
MIR99AHG,FOXP1
MLK7-AS1,YWHAZ
mmu_circRNA_007893,IL6
mmu_circRNA_007893,IL-6
MNX1-AS1,b-catenin
MNX1-AS1,bcl9
MNX1-AS1,FoxM1
MODR,RUNX2
MONC,GLCE
MRAK081523,N4bp2
MRAK081523,PLXNA4
MRAK088388,N4bp2
MRPL23-AS1,MYH9
MRUL,SRSF2
MSC-AS1,COL4A
MSC-AS1,CPEB4
MSC-AS1,DDX5
MSC-AS1,GPAM
MSC-AS1,IGF2BP2
MSC-AS1,ITGAV
MSC-AS1,LEF1
MSC-AS1,TRIM14
MSC-AS1,WNT5A
MSTO2P,MSTOP2
MT1DP,NRF-2
MT1DP,NRRF2
MT1JP,BCL2L2
MT1JP,FBXW7
MT1JP,PTEN
MT1JP,RUNX3
MTDH,PPP2CA
MTDH,PTEN
MTDH,SMAD7
MTORT1,CREB1
MTORT1,STK4
MTX2-6,SMAD4
MYCNOS,FOXM1
MYCNOS-01,MYCN
MYLK,DNMT3B
MYLK,ITGB1
MYLK,VEGFA
MYLK-AS1,E2F7
MYLK-AS1,EZH2
N335586,CKMT1A
N340790,NFKB
NALCN,PTEN
NARL,NOD1
NBAT1,PTEN
N-BLR,ZEB1
NBR2,TCF7
NCK1-AS1,ADAM15
NCK1-AS1,BCL9
NCK1-AS1,CDK1
NCK1-AS1,CDK6
NEAT1,AQP4
NEAT1,ARHGAP26
NEAT1,ATAD2
NEAT1,ATGL
NEAT1,AXIN1
NEAT1,BACH1
NEAT1,bcatenin
NEAT1,BCL2
NEAT1,BCL-2
NEAT1,BCL9
NEAT1,beta-catenin
NEAT1,BMP2
NEAT1,BRD4
NEAT1,BZW1
NEAT1,CCND1
NEAT1,CDK6
NEAT1,CDKN1A
NEAT1,CDKN1B
NEAT1,c-MET
NEAT1,c-Myc
NEAT1,COX-2
NEAT1,CTBP2
NEAT1,CTNNB1
NEAT1,CTR1
Neat1,Cyth3
NEAT1,DNA-PKcs
NEAT1,DNMT1
NEAT1,DRP1
NEAT1,E2F3
NEAT1,EMP2
NEAT1,ESRa
NEAT1,EZH2
NEAT1,FGF9
NEAT1,FLT1
NEAT1,FOS
NEAT1,FOXA1
NEAT1,FOXO1
NEAT1,FOXP1
NEAT1,FRS2
NEAT1,FUS
NEAT1,HIF-1a
NEAT1,HMGA2
NEAT1,HMGB2
NEAT1,HuR
NEAT1,ICAM-1
Neat1,Igf1
NEAT1,IL-33
NEAT1,ITGA3
NEAT1,ITGA5
NEAT1,JAG1
NEAT1,JAK3
NEAT1,KCT
NEAT1,KLF12
NEAT1,KLK7
NEAT1,LASP1
NEAT1,LDHA
NEAT1,Ltb4r1
NEAT1,MAP2K6
NEAT1,MAP3K1
NEAT1,MAPK1
NEAT1,MAPK14
NEAT1,MAPK6
NEAT1,MCL1
NEAT1,MDM2
NEAT1,MyD88
NEAT1,NF-kB
NEAT1,NOTCH1
NEAT1,NPAS2
NEAT1,NR4A1
NEAT1,NRAS
NEAT1,PARP1
NEAT1,PDE4B
NEAT1,PLA2G4A
NEAT1,POU2F1
NEAT1,PTEN
NEAT1,PTEN?
NEAT1,PTP4A1
NEAT1,RGS20
NEAT1,RGS20 
NEAT1,RhoA
NEAT1,ROCK1
NEAT1,RSF1
NEAT1,RSF-1
NEAT1,S100A9
NEAT1,Sirt2
NEAT1,SLC26A2
NEAT1,SMAD3
NEAT1,SMO
NEAT1,SNAIL2
NEAT1,SOCS2
NEAT1,SOX3
NEAT1,SOX4
NEAT1,SOX5
NEAT1,Sp1
NEAT1,STAT3
NEAT1,Tim-3
NEAT1,TIMD4
NEAT1,TPD52
NEAT1,TRAF6
NEAT1,TRAF7
NEAT1,TRIM37
NEAT1,TXNI
NEAT1,VCP
NEAT1,VEGFA
NEAT1,VIM
NEAT1,Vimentin
NEAT1,WISP1
NEAT1,WNT4
NEAT1,XBP-1
NEAT1,ZEB1
NEAT1,ZFX
NEAT1_1,uPAR
NEAT1_2,TGM2
NED125,BCL2
NeD125,BCL-2
Nespas,Psmd11
NFIA-AS2,ZFX
NIFK-AS1,AKT1
NKILA,CLDN2
NKILA,NLRX1
NKX2-1-AS1,SERPINE1
NLC1-C,ARPP-19
NLC1-C,CCND1
NLC1-C,Cyclin-D1
NLC1-C,ERRR
NLC1-C,IRF1
NNT-AS1,CDK6
NNT-AS1,PODXL
NNT-AS1,ZEB1
NONHSAG007671,HOPX
NONhsaT024778,Robo1
NONHSAT079852.2,HSPA1A
NONMMUT055714,SORLA
NONMMUT065582,YAP1
NOP14-AS1,HMGB3
NORAD,FOXD1
NORAD,KLF5
NORAD,MYCN
NORAD,NRF1
NORAD,PEAK1
NORAD,PKM2
NORAD,RAB11A
NORAD,SOCS1
NORAD,TGFbR1
NORAD,TGFbR2
NORAD,VEGF-A
NORAD,WNT
NORAD,ZEB1
NR2F1-AS1,ABCC1
NR2F1-AS1,GOLM1
NR2F1-AS1,HK2
NR2F1-AS1,ITGB1
NR2F1-As1,MAP3K2
NR2F1-AS1,TOB1
NR2F1-AS1,TRIM2
NR2F2-AS1,PLEKHO2
NRAL,NRF2
NRAS,PTEN
NRF,p53
NRF,RIPK1
NRF,RIPK3
NRP1,DCBLD2
NUTF2P3-001,KRAS
NUTM2A-AS1,HIF-1a
NUTM2A-AS1,TET1
OCT4-PG5,4-Oct
ODRUL,MMP2
OGFRP1,eIF5A
OGFRP1,IL-6
OGFRP1,LYPD3
OGRU,USP14
OIP5-AS1,AKT
OIP5-AS1,BCL2
OIP5-AS1,BCL-2
OIP5-AS1,CCNG1
OIP5-AS1,CTRP3
OIP5-AS1,FOXM1
OIP5-AS1,HDAC7
OIP5-AS1,HMGB1
OIP5-AS1,HMGB3
OIP5-AS1,HuR
OIP5-AS1,IGF2BP2
OIP5-AS1,ITGA6
OIP5-AS1,KLF5
OIP5-AS1,MSI2
OIP5-AS1,MTDH
OIP5-AS1,NGFR
OIP5-AS1,NLRP3
OIP5-AS1,PKM2
OIP5-AS1,PTEN
OIP5-AS1,RhoA
OIP5-AS1,SIRT1
OIP5-AS1,SLC7A11
OIP5-AS1,SLC7A5
OIP5-AS1,SOX4
OIP5-AS1,SPARC
OIP5-AS1,TRIM14
OIP5-AS1,TUB
OIP5-AS1,VOPP1
OIP5-AS1,ZEB1
OIP5-AS1,ZNF217
OSER1-AS1,FOXM1
OTUD6B-AS1,PNRC2
OXCT1-AS1,CDC25A
p21,b-catenin
p21,CDH1
p21,CTNNB1
p21,E-cadherin
p21,PTEN
PAHRF,MST1
PAICC,YAP1
PANTR1,BCL2A1
PART 1,BAMBI
PART1,BIRC5
PART1,DNMT3A
PART1,MYO5A
PART1,RUNX3
PART1,Six1
PART1,SOX6
PAX8-AS1,GNB1
PAX8-AS1-N,CDKN1A
PAX8-AS1-N,PTEN
PAX8-AS1-N,ZBTB4
PAX8-AS1-N,ZBTB4 
PAXIP1-AS1,PCBP2
PBCAS4,BCAS4
PBCAS4,Bcl2
PBCAS4,ILL7RD
PBCAS4,PNPLA3
PBCAS4,SHISA7
PBCAS4,TAPBP
PCA3,PRKD3
PCA3,RFX7
PCA3,SREBP1
PCAT1,BCL3
PCAT1,NFIB
PCAT1,WNT1
PCAT-1,cMyc
PCAT-1,c-Myc
PCAT-1,CRKL
PCAT-1,HMGB1
PCAT-1,TP53
PCAT14,ATAD2
PCAT18,SPRR3
PCAT19,GOLM1
PCAT19,MELK
PCAT6,BRD4
PCAT6,CBX2
PCAT6,hnRNPA2B1
PCAT6,IGF2BP1
PCAT6,PDIA6
PCAT7,ELF2
PCDHB17P,MELK
PCED1B-AS1,HIF1A
PCED1B-AS1,PD-L1
PCED1B-AS1,PD-L2
PCED1B-AS1,ZEB1
PCGEM1,CDK6
PCGEM1,ETV1
PCGEM1,GFP
PCGEM1,RUNX2
PCGEM1,SOX11
PCGEM1,WTAP
PCNAP1,ATF7
PDCD4-AS1,IQGAP2
PDGF,ERK1
PDGF,ERK2
PDGF,FAK
PDGF,RUNX2
PDIA3P,CCND2
PEG10,KIF2A
Peg13,Sox13
PFL,PTAFR
PGK1P2,PGK1
PGM5-AS1,GDF10
PGM5P4-AS1,LZTS3
pH1ant-miR-20a,E2F1
PHLANT-miR-20a,E2F1
PICSAR,YAP1
PIK3C2A,CD151
PIP5K1A,AKT
PIP5K1A,PI3K
PIP5K1A,TCF12
PITPNA-AS1,ROCK1
PITPNA-AS1,SIK2
PITPNA-AS1,UNC5B
PlncRNA1,AR
PlncRNA1,MAZ
PlncRNA1,MMP9
PlncRNA1,OCEL1
PlncRNA1,ZO-1
PlncRNA-1,AR
PlncRNA-1,MMP9
PlncRNA-1,Smad3
PLSCR4,MFN2
PMS2L2,Bax
PMS2L2,caspase3
PMS2L2,caspase9
POIR,FOXO1
POU3F3,MGMT
POU6F2-AS1,KCNJ4
PP7080,SIRT1
PP7080,UHRF1BP1
PPIAP22,PPIA
PPP1R26-AS1,ACLY
PPP1R26-AS1,TTF2
PRINS,PMAIP1
PRKCQ-AS1,STAT1
PRKCQ-AS1,YBX1
Prkcsh,Ccl2
PRLB,SIRT1
PRNCR1,CCND2
PRNCR1,FSCN1
PRNCR1,HEY2
PRNCR1,TLR4
PRNCR1,TYMS
PROX1-AS1,caspase-9
PRR34-AS1,E2F2
PRR34-AS1,FOXO3
PRR34-AS1,ITGA6
PRR34-AS1,SOX12
PRR34-AS1,TOMM20
PSICX43,CX43
PSMA3-AS1,HOXA10
PSMG3AS1,SphK1
PTCSC3,SCAI
PTEN,VCAN
PTENP1,ATG7
PTENP1,p62
PTENP1,PHLPP
PTENP1,PTEN
PTENP1,ULK1
PTENP1-AS,AGO4
PTPRG-AS1,HDAC4
PTPRG-AS1,TCF4
PTTG3P,FoxM1
PTTG3P,PTTG1
PVT1,AGO1
PVT1,AKT
PVT1,ANGPT2
PVT1,ARL2
PVT1,ATG3
PVT1,Atg7
PVT1,BCL2
PVT1,BCLAF1
PVT1,Beclin1
PVT1,BMI1
PVT1,BMP3
PVT1,CASP10
PVT1,caveolin1
PVT1,CCND1
PVT1,CD151
PVT1,CENP-H
PVT1,CTGF
PVT1,CTNNB1
PVT1,CXCL13
PVT1,CXCR5
PVT1,E2F3
PVT1,EGFR
PVT1,EGR1
PVT1,ELF4
PVT1,EZH2
PVT1,FASN
PVT1,FGF2
PVT1,FGFR1
PVT1,FOXM1
PVT1,FOXO1
PVT1,FSTL1
PVT1,HIF1A
PVT1,HIF-1a
PVT1,HIF-1alpha
PVT1,HK2
PVT1,HMGB1
PVT1,KLF4
PVT1,KLF6
PVT1,LASP1
PVT1,MAPK8
PVT1,MEF2C
PVT1,MMP2
PVT1,MMP9
PVT1,mTOR
PVT1,NLRP3
PVT1,PAF
PVT1,PAK3
PVT1,PCNA
PVT1,PI3K
PVT1,PTCH1
PVT1,RUNX2
PVT1,RUNX2PVT1
PVT1,SEMA4D
PVT1,SERBP1
PVT1,SLUG
PVT1,SMAD4
PVT1,SNAIL
PVT1,Snail1
PVT1,Talin1
PVT1,TFR1
PVT1,TGFB
PVT1,TGF-bR1
PVT1,TMBIM6
PVT1,TRAF6
PVT1,TWIST1
PVT1,VEGFC
PVT1,VIM
PVT1,Vimentin
PVT1,WAVE1
PVT1,YAP1
PVT1,ZEB1
PVT1,ZEB2
PVT1,ZFP36L2
PVT1-214,IRF-1
PVT1-5,SLC7A5
PVT2,p53
PWRN1,AKT
PWRN1,MDM2
PWRN1,p53
PWRN1,PTEN
PWRN2,DDX5
RACGAP1P,RACGAP1
RAD51-AS1,NDRG2
RAET1E-AS1,BMPER
RAET1E-AS1,WNT11
RAET1K,INPP4B
RAET1K,LDHA
RAMP2-AS1,MACF1
RAP1B,IGF1R
RASGRF2,FAK
RAX,KNG1
RB1,PDGFRA
RB1,PTEN
RB1,STAT3
RBM24,MALAT1
RBM24,MIR143HG
RBM5-AS1,EED
RBM5-AS1,EZH2
RBM5-AS1,PRC2
RBM5-AS1,SUZ12
RBM9,PTEN
RCAT1,E2F2
RGMB-AS1,HDAC4
RHPN1-AS1,JAK2
RHPN1-AS1,TOP2A
RHPN1-AS1,TPX2
RMRP,CCL2
RMRP,CCND2
RMRP,CDK9
RMRP,Cyclin D2
RMRP,Cyclin-D2
RMRP,FMNL2
RMRP,KRAS
RMRP,SOX9
RMST,SEMA3A
RMST,VCAM1
RNA transcripts that overlap the cyclooxygenase-2 (COX-2) promoter,COX-2
RNA transcripts that overlap the cyclooxygenase-2 (COX-2) promoter,PLA2G4A
RNA01134,SSRP1
RNCR2,HK2
RNCR3,KLF2
RNF144A-AS1,SOX11
RNF185-AS1,IntegrinB5
RNPC1,CASC2
ROCK2,RAP1B
ROR,FSCN1
ROR,p53
ROR,SOX2
ROR,ZEB1
ROR,ZEB2
ROR1-AS1,STC2
RP11-1094M14.8,CXCL9
RP11-169D4.1,CDH1
RP11-279C4.1,CBX3
RP11-301G19.1,HMGB2
RP11-379k17.4,Noxa
RP11-395G23.3,ROR1
RP11-396F22.1,CPNE8
RP11-436H11.5,BCL-W
RP11-480I12.5-004,AKT3
RP11-480I12.5-004,CDK6
RP11-51O6.1,YAP1
RP11-523G9.3,RUNX2
RP11-70C1.3,NRP-1
RP11-757G1.5,YAP1
RP11-79H23.3,PTEN
RP11-81H3.2,COL2A1
RP11-838N2.4,EPHA8
RP11-874J12.4,SSR2
RP11-89K21.1,RHPN2
RP11-909B2.1,L3MBTL1
RP3-439F8.1,NR5A2
RP4,SH3GLB1
RPPH1,CDC42
RPPH1,DAM10
RPPH1,IGF1R
RPPH1,NOD2
RPPH1,PKM2
RPPH1,WNT2B
RSU1P2,EPHA4
RSU1P2,IGF1R
RSU1P2,N-myc
RUNX1,PDGFRA
RUNX1,PTEN
RUNX1,VEGFA
RUSC1-AS1,Bcl-2
RUSC1-AS1,Notch1
SBF2-AS1,E2F1
SBF2-AS1,FGF
SBF2-AS1,TGFBR1
SChLAP1,EZH2
SChLAP1,HMGA2
SDCBP2-AS1,EPDR1
SENP3-EIF4A1,CCNE1
SERINC1,PTEN
SETD3,MAPRE1
SH3BP5-AS1,MSI2
SH3PXD2A-AS1,STAT3
SH3PXD2A-AS1,UBA2
sh-miR-p21,p21
SIPA1L1,ALPL
SIRT1 AS,SIRT1
SIRT1-AS,SIRT1
SLC16A1-AS1,CHD5
SLC16A1-AS1,SOCS2
SLC25A25-AS1,ITGA2
SLC2A1-AS1,TFAP2A
SLC9A3-AS1,E2F6
SLCO4A1-AS1,NFE2L1
SLCO4A1-AS1,RBBP6
SLCO4A1-AS1,SETD7
SLCO4A1-AS1,SLCO4A1
SMARCC2,TMPRSS4
SNAI3-AS1,PEG10
SNH12,MLK3
SNHG1,ATG14
SNHG1,BAX
SNHG1,Cdc42
SNHG1,CDK4
SNHG1,CDK7
SNHG1,CST3
SNHG1,CXCL12
SNHG1,DCLK1
SNHG1,E2F3
SNHG1,EZH2
SNHG1,FGF2
SNHG1,FOXK1
SNHG1,FtMt
SNHG1,FUT8
SNHG1,FZD4
SNHG1,IFNGR1
SNHG1,Jak2
SNHG1,MAPK1
SNHG1,MTDH
SNHG1,NAUK1
SNHG1,NOB1
SNHG1,p53
SNHG1,P70S6K
SNHG1,SIK1
SNHG1,SOX9
SNHG1,stat3
SNHG1,TLR5
SNHG1,ZNF217
SNHG10,FBXL19
SNHG10,FZD3
SNHG11,ATG12
SNHG11,CBX5
SNHG11,CDC25A
SNHG11,CTNNB1
SNHG11,IGF-1R
SNHG11,LIF
SNHG12,ARGO2
SNHG12,CDK1
SNHG12,CRKL
SNHG12,CUL4B
SNHG12,EIF5A
SNHG12,HEG1
SNHG12,IGF-1R
SNHG12,IGF2
SNHG12,Klotho
SNHG12,MLK3
SNHG12,NOTCH2
SNHG12,RUNX2
SNHG12,SOX5
SNHG12,WNT2
SNHG14,AKT
SNHG14,AQP4
SNHG14,BMF
SNHG14,DDX5
SNHG14,FSTL-1
SNHG14,HIPK1
SNHG14,LPS
SNHG14,MCL1
SNHG14,MMP2
SNHG14,mTOR
SNHG14,N-WASP
SNHG14,PI3K
SNHG14,PLA2G4A
SNHG14,SOX9
SNHG14,SSR2
SNHG14,TGFBR2
SNHG15,CDC4
SNHG15,CDK14
SNHG15,c-Myc
SNHG15,DAAM1
SNHG15,E2F5
SNHG15,ICAM-1
SNHG15,NF-KB
SNHG15,PTEN
SNHG15,STAT1
SNHG15,TP53INP1
SNHG15,VEGFA
SNHG15,YAP1
SNHG16,AKT
SNHG16,CCND1
SNHG16,E2F1
SNHG16,E2F5
SNHG16,GALNT1
SNHG16,HMGB3
SNHG16,ITGA6
SNHG16,LASP1
SNHG16,MAPK1
SNHG16,MCP-1
SNHG16,mfn2
SNHG16,PI3K
SNHG16,PPAPDC1A
SNHG16,PRMT5
SNHG16,PRPS1
SNHG16,SCD
SNHG16,SLC2A4
SNHG16,STARD9
SNHG16,SUSD2
SNHG16,TLR4
SNHG16,USP21
SNHG16,VEGF
SNHG16,YY1
SNHG16,ZEB1
SNHG17,CXCL12
SNHG17,ELF1
SNHG17,ERLIN2
SNHG17,PAX6
SNHG17,RFX1
SNHG17,SOX4
SNHG17,STC2
SNHG17,WLS
SNHG18,BRD4
SNHG19,E2F7
SNHG20,ADAM10
SNHG20,DDX49
SNHG20,E2F3
SNHG20,MCL1
SNHG20,STAT3
SNHG22,E2F3
SNHG3,ARL2
SNHG3,c-Myc
SNHG3,HOXA10
SNHG3,LCMX1B
SNHG3,Notch2
SNHG3,SUMO2
SNHG3,TRIM25
SNHG3,TWIST
SNHG4,CDK1
SNHG4,c-Met
SNHG4,KDM3A
SNHG4,RUNX2
SNHG5,ABCC2
SNHG5,AGO2
SNHG5,BACH1
SNHG5,CASP1
SNHG5,CASP1 
SNHG5,COMMD1
SNHG5,CTGF
SNHG5,FZD4
SNHG5,H3F3B
SNHG5,KLF4
SNHG5,ROCK1
SNHG5,SMAD4
SNHG5,TGFBR3
SNHG5,VEGFA
SNHG6,ARPP19
SNHG6,BMPR1B
SNHG6,E2F1
SNHG6,E2F7
SNHG6,EZH2
SNHG6,FOXC1
SNHG6,FRS2
SNHG6,JAK2
SNHG6,LAMC1
SNHG6,RAB11A
SNHG6,STYX
SNHG6,TAK1
SNHG6,ZEB1
SNHG6-003,AKT1
SNHG6-003,TAK1
SNHG7,CCND1
SNHG7,CTNNB1
SNHG7,Cyclin-D1
SNHG7,EZH2
SNHG7,FAIM2
SNHG7,FOXK2
SNHG7,GALNT1
SNHG7,ID4
SNHG7,LDHA
SNHG7,PPARGC1B
SNHG7,SIRT1
SNHG7,WNT2B
SNHG7,XBP1
SNHG8,ATG7
SNHG8,c-MET
SNHG8,HOXB7
Snhg8,NF-kB
SNHG8,PYGO2
SNHG8,RASA1
SNHG8,S100A11
Snhg8,SIRT1
SNHG8,ZBTB20
SNHG9,SOX9
SOX2,Smad2
SOX2,Smad3
SOX2,Smad4
SOX21-AS1,IRS2
SOX21-AS1,MYO6
SOX2OT,DEK
SOX2OT,Neurod1
SOX2OT,NR3C2
SOX2OT,RAC1
SOX2OT,SOX2
SOX2OT,SOX5
SOX2OT,TDGF1
SOX2OT,TDGF-1
SOX2-OT,DP5
SOX2-OT,HMGB3
SOX2-OT,HNRNPA2B1
SOX2-OT,PDK1
SP1,Klf4
SPINT1-AS1,DNM3OS
sponge-182,ARRDC3
sponge-182,Casp2
sponge-182,caspase2
sponge-182,NEUROD4
sponge-183,ARRDC3
sponge-183,ARRDC32
sponge-183,Casp2
sponge-183,caspase2
sponge-183,NEUROD4
sponge-96,ARRDC3
sponge-96,Casp2
sponge-96,caspase2
sponge-96,NEUROD4
SPRY4-IT1,EZH2
SPRY4-IT1,TCEB1
ST7-AS1,KPNA4
ST7-AS1,TRPM7
ST8SIA6-AS1,DCAF4L2
ST8SIA6-AS1,MAGEA3
ST8SIA6-AS1,MAL2
ST8SIA6-AS1,NNMT
ST8SIA6-AS1,NONO
STARD13,FAS
STARD13-AS,C3A
STAT3,EGFR
STAT3,RUNX1
STX12,SMAD5
SVIL-AS1,ICE1
TAF5,PTEN
TALNEC2,APAF1
TALNEC2,PDCD4
TALNEC2,STAT3
TapSAKI,IRF3
TCL6,STAU1
TCONS_00004099,PTPRF
TCONS_00023297,BMP2
TCONS_00026334,TP53INP1
TCONS_00075467,CACNA1C
TCONS_00814106,TGFBR1
TDRG1,CLIC4
TDRG1,SEMA4C
TFF3,PRINS
TGFB2-AS1,EDNRB
TGFB2-OT1,CERS1
TGFB2-OT1,LARP1
TGFB2-OT1,NAT8L
TGFBR2,TWIST1
THAP9-AS1,SGMS2
THAP9-AS1,SOX4
THAP9-AS1,VEGFA
THRIL,ROCK2
TINCR,CEBPA
TINCR,EGFR
TINCR,FBXW7
TINCR,FBXW7 
TINCR,PDK1
TINCR,ROCK1
TINCR,SP1
TMEM161B-AS1,HIF1AN
TMEM220-AS1,MAGI1
TMEM87A,ULK1
TMPO-AS1,ACLY
TMPO-AS1,BCAT1
TMPO-AS1,BRCC3
TMPO-AS1,ERBB2
TMPO-AS1,FOXK1
TMPO-AS1,KIF21B
TMPO-AS1,MSI2
TMPO-AS1,SERBP1
TMPO-AS1,SLC12A7
TMPO-AS1,SOX11
TMPO-AS1,SOX12
TMPO-AS1,SOX4
TMPO-AS1,TRIM37
TNK2-AS1,WDR1
TNKS2,PTEN
TNRC6a,PTEN
TNRC6b,PTEN
TONSL-AS1,BCL2
TP53TG,PTEN
TP53TG1,SHCBP1
TP73-AS1,AKT3
TP73-AS1,CUL4B
TP73-AS1,GOLM1
TP73-AS1,HMGB1
TP73-AS1,JAM-A
TP73-AS1,LAPTM4B
TP73-AS1,MMP14
TP73-AS1,MMP-8
TP73-AS1,p53
TP73-AS1,RAGE
TP73-AS1,SDAD1
TP73-AS1,TFAM
TPRG1-AS1,RBM24
TPT1-AS1,CASP2
TPT1-AS1,CDK16
TPT1-AS1,ECM1
TPTEP1,P38
TRAF3IP2-AS1,PTEN
TRERNA,SNAIL1
TRERNA,VIM
treRNA,Vimentin
TRERNA1,NRAS
TRG-AS1,BACH1
TRG-AS1,KIF21B
TRG-AS1,SMAD4
TRHDE-AS1,PTEN
TRIM52-AS1,ROBO1
TRPM2-AS,EGFR
TRPM2-AS,GINS2
TRPM2-AS,SDC3
TRPM2-AS,WEE1
TSIX,TP53INP2
TSPEAR-AS2,CLDN4
TSPEAR-AS2,PPM1A
TTC28-AS1,MSI2
Ttc3-209,Wnt8a
TTN-AS1,Cyclin-E1
TTN-AS1,FSCN1
TTN-AS1,HMGA1
TTN-AS1,ITGB1
TTN-AS1,neuropilin-1
TTN-AS1,NFAT
TTN-AS1,SPOCK1
TTN-AS1,TFAP4
TTTY15,DVL3
TTTY15,FOXO1
TTTY15,JAK2
TUBB2A,CLDN4
TuD-miR21-4ntin,PDCD4
TUG1,AEG1
TUG1,AEG1 
TUG1,ANPEP
TUG1,ANXA8
TUG1,ASMA
TUG1,B7-H3
TUG1,BCL2L11
TUG1,BRD4
TUG1,CDK
TUG1,c-MET
TUG1,COL1A1
TUG1,CPEB2
TUG1,CTNNB1
TUG1,E-cadherin
TUG1,eIF5A2
TUG1,ELN
TUG1,EZH2
TUG1,FGF1
TUG1,FGF5
TUG1,FGFR1
TUG1,HK2
TUG1,HSF2
TUG1,IGFBP5
TUG1,IL-1b
TUG1,KIT
TUG1,KLF4
TUG1,LDHA
TUG1,MDM2
TUG1,MEF2C
TUG1,MMP10
TUG1,MMP-13
TUG1,MMP2
TUG1,MMP9
TUG1,MSI2
TUG1,MTDH
TUG1,MTHFD2
TUG1,mTOR
TUG1,NF-kB
TUG1,NLRP3
TUG1,p65
TUG1,POU2F1
TUG1,PPAR
TUG1,PPARY
TUG1,PTEN
TUG1,ROCK1
TUG1,RORA
TUG1,RUNX2
TUG1,SIRT1
TUG1,SIRT3
TUG1,SOX4
TUG1,SOX4 
TUG1,Sox8
TUG1,TAK1
TUG1,TESC
TUG1,TGB1
TUG1,TGFB1
TUG1,TGF-beta1
TUG1,TIMP1
TUG1,TNF
TUG1,TNF-a
TUG1,TRIB2
TUG1,TRPC6
TUG1,VEGF
TUG1,VEGFA
TUG1,ZEB1
TUG1,ZEB2
TUNAR,RAC1
TUSC7,AKT
TUSC7,CDK6
TUSC7,DESC1
TUSC7,EGFR
TUSC7,EPHA4
TUSC7,MDR1
TUSC7,p53
TUSC7,RASSF6
UBA6-AS1,HOXA2
UBAP2,c-Myc
UBE2CP3,ITGA2
uc002kmd.1 ,CD44
uc003pxg.1,cyclin D1
UCA1,AGO2
UCA1,AKT
UCA1,ARL2
UCA1,ATF2
UCA1,BCL2
UCA1,BCL-2
UCA1,BRD4
UCA1,CCR7
UCA1,CDH1
UCA1,COTL1
UCA1,COX6B2
UCA1,CREB
UCA1,CREB1
UCA1,CXCR4
UCA1,CYP1B1
UCA1,EGFR
UCA1,EIF4G1
UCA1,ERBB4
UCA1,FGFR1
UCA1,FOXM1
UCA1,FOXO3
UCA1,FSCN1
UCA1,GLS2
UCA1,HIF1A
UCA1,HIF-1a
UCA1,HIF-1alpha
UCA1,HK2
UCA1,HMGB1
UCA1,HOXA13
UCA1,iASPP
UCA1,IMP1
UCA1,JAK
UCA1,KCTD20
UCA1,KIF20A
UCA1,MDR1
UCA1,MMP14
UCA1,mTOR
UCA1,NF-kB
UCA1,p21
UCA1,P27KIP1
UCA1,p53
UCA1,PFKFB2
UCA1,PFKFB2 
UCA1,PI3K
UCA1,RAB22A
UCA1,RISC
UCA1,RUNX2
UCA1,SF1
UCA1,SFRP1
UCA1,Snail2
UCA1,SOCS7
UCA1,SOX2
UCA1,SOX4
UCA1,SOX4 
UCA1,SP1
UCA1,SP3
UCA1,SPOCK1
UCA1,STAT
UCA1,TLR4
UCA1,UBE2N
UCA1,VEGF
UCA1,XIAP
UCA1,YAP1
UCA1,ZEB1
UCA1,ZEB2
UCA1,ZNF281
UCC,BCL2
UCC,BCL-2
UCC,HK2
UCC,IGF1R
UCC,KRAS
UCC,SOX5
UCID,Snail
UCOO2KMD.1,CD44
UFC1,HUR
UICLM,ZEB2
Unigene56159,SLUG
UPK1A-AS1,EZH2
USP16,PTEN
USP30-AS1,PTP
UVA1,MMP14
V-139,MYB33
V-139,MYB65
V-139,TCP2
V-139,TCP4
V-156,SPL10
V-156,SPL2
V-156,SPL3
VAPA,PTEN
VCAN,PTEN
VCAN,RB1
VCAN-AS1,STAT3
VEGFA,PTEN
Vi4,Igfbp3
VIM-AS1,ZEB1
VPS9D1-AS1,GPX1
VPS9D1-AS1,HMGA1
VPS9D1-AS1,SEC61A
VRK1,PTEN
WDFY3-AS2,PTEN
WDFY3-AS2,SDC4
WEE2-AS1,SP1
WFDC21P,DCP2
WT1-AS,AKT
WT1-AS,NAMPT
WT1-AS,PI3K
WT1-AS,PTEN
WWOX-AS1,WWOX
XIAP,FSCN1
XIST,ADAMTS-5
XIST,AKT
XIST,AR
XIST,ATP
XIST,AVEN
XIST,BACH1
XIST,BAG-1
XIST,BCL2
XIST,BCL-2
XIST,BCL2L2
XIST,BTG2
XIST,caspase3
XIST,CCL16
XIST,CCND1
XIST,CDDP
XIST,CDX1
XIST,CEBPa
XIST,CXCR4
XIST,E2F3
XIST,EDEM1
XIST,EGFR
Xist,Eln
XIST,EZH2
XIST,FOXC1
XIST,FOXK1
XIST,FOXO1
XIST,GINS2
XIST,HNRNPA1
XIST,IASPP
XIST,ITGB1
XIST,JAK2
XIST,KLF4
XIST,KLF6
XIST,L1CAM
XIST,LRRK2
XIST,MACC1
XIST,MAP3K3
XIST,MAPK1
XIST,MAPK1 
XIST,MAPK14
XIST,MCL1
XIST,MYC
XIST,NFAT5
XIST,NLRC5
XIST,Notch1
XIST,NRP1
XIST,OPN
XIST,PAPPA
XIST,PAX5
XIST,PDCD4
XIST,PDK1
XIST,PD-L1
XIST,p-IkBa
XIST,p-p65
XIST,PTEN
XIST,PXN
XIST,RAP2B
XIST,RECK
XIST,RISC
XIST,RKIP
XIST,ROCK1
XIST,ROCK2
XIST,SIRT1
XIST,SIX1
XIST,Smad7
XIST,Sp1
XIST,STAT3
XIST,STX17
XIST,Tfam
XIST,TGFB1
XIST,TITIN
XIST,TLR4
XIST,TRIM25
XIST,USP8
XIST,WEE1
XIST,WNT1
XIST,WNT5A
XIST,YAP
XIST,ZEB1
XIST,ZEB2
XIST,ZO-2
XIST ,BCL2
XIST ,Bcl-2
XIST ,MACC1
XLOC_006390,NRP2
XLOC_006390,PKM2
XLOC_006390,SOX4
XLOC_008466,MMP2
XLOC_008466,XIAP
ZBED3-AS1,ARID4B
ZBED3-AS1,KLF6
ZEB1,ADPGK-AS1
Zeb1,FZD4
ZEB1,PTEN
Zeb1,WNT5a
ZEB1-AS1,ABCC1
ZEB1-AS1,APOC1
ZEB1-AS1,ETS1
ZEB1-AS1,ZEB1
ZEB2,PTEN
ZEB2-AS1,HMGB1
ZEB2-AS1,SALL4
ZFAS1,BMI1
ZFAS1,Cdc42
ZFAS1,CDIP1
ZFAS1,ENO2
ZFAS1,FSTL1
ZFAS1,HK2
ZFAS1,KLF2
ZFAS1,MCL1
ZFAS1,MMP14
ZFAS1,MMP-15
ZFAS1,MMP16
ZFAS1,NKD2
ZFAS1,NLRP3
ZFAS1,Notch3
ZFAS1,SESN2
ZFAS1,SIRT1
ZFAS1,SMAD2
ZFAS1,SP1
ZFAS1,ZEB1
ZFAS1,ZEB2
ZFPM2,SOD2
ZFPM2-AS1,GDF10
ZFPM2-AS1,ITGB1
ZFPM2-AS1,NOTCH1
ZFPM2-AS1,TRIM24
ZFPM2-AS1,TUSC3
ZFR,WNT5A
ZNF281,ROCK1
ZNF460,PTEN
ZNF561-AS1,SRSF6
ZNF609,AKT3
ZNF609,PLK1
ZNF609,STMN1
ZNF667-AS1,AKAP13
ZNF674-AS1,p21
ZNF800,PTEN
ZNFX1-AS1,ZNFX1
ZNRD1-AS1,ZEB1
ZSCAN16-AS1,SPAG9
ZXF1,PCDHA3
